user_id,post_id,fecha_creacion,dispositivo,ubicacion
564,1,2020-11-06,Tablet,Port Aprilborough
812,2,2020-10-11,Desktop,North Andreachester
614,3,2021-11-23,iPhone,Dannyburgh
86,4,2021-10-02,Desktop,Wilcoxborough
1290,5,2022-06-13,Tablet,East Sonyachester
633,6,2022-07-31,Desktop,Bellton
633,7,2026-01-11,Desktop,Richardland
775,8,2020-07-08,Web,Victorberg
128,9,2022-08-21,Tablet,Bowersview
925,10,2024-03-27,Tablet,Brandonmouth
875,11,2023-01-04,Web,Reyesburgh
201,12,2025-02-14,Tablet,West Gabriellefurt
1414,13,2022-08-17,Desktop,Catherineside
957,14,2023-02-13,Tablet,Tylerhaven
1394,15,2024-10-24,Tablet,Penafort
583,16,2023-09-05,Web,New Ashley
1187,17,2021-11-27,Web,East Jonathan
974,18,2024-01-27,iPhone,Ginafort
257,19,2026-02-08,Web,Torresmouth
42,20,2025-02-22,Android,West Robertshire
177,21,2020-05-05,Desktop,Lake Julie
1386,22,2025-11-10,Tablet,New Brandistad
909,23,2023-01-05,Web,Cunninghamfurt
1452,24,2022-03-22,Desktop,Carltown
1488,25,2022-06-23,Android,Powellview
226,26,2020-07-07,Desktop,Christopherville
1241,27,2020-04-18,Tablet,Meredithton
1398,28,2024-04-25,Web,New Ronaldstad
1458,29,2023-01-10,Web,Lake Arthur
1325,30,2021-09-19,Tablet,South Timothy
1233,31,2024-07-15,Android,South Markfort
978,32,2020-08-05,Android,East Christinamouth
1448,33,2023-03-01,Web,Benjamintown
768,34,2022-08-13,Desktop,North Haroldchester
621,35,2020-12-23,Android,East Kelli
1187,36,2020-11-19,Tablet,Debbieborough
1468,37,2022-04-08,Web,North Kellyborough
273,38,2020-10-04,Web,Brianton
203,39,2026-02-17,Tablet,Port Julia
352,40,2023-07-05,Web,Williamsberg
946,41,2023-06-16,Android,Amyshire
340,42,2025-03-26,Tablet,Elizabethstad
1214,43,2020-04-09,Desktop,Lake Kevin
847,44,2022-03-06,iPhone,Barkerberg
976,45,2023-06-22,Web,West Josephbury
939,46,2026-04-27,Web,Doylehaven
203,47,2025-10-08,Web,Port Monica
548,48,2020-03-23,Android,Stephensland
55,49,2020-06-06,Web,Hodgestad
1208,50,2025-06-25,iPhone,Jessicamouth
971,51,2024-01-31,Web,East Jenniferside
547,52,2026-03-15,iPhone,Christianton
267,53,2022-03-03,Desktop,Salinasbury
101,54,2021-12-26,Web,Wongton
1111,55,2025-12-15,Android,Velasquezside
1332,56,2025-02-03,iPhone,West Danielchester
637,57,2024-12-28,iPhone,Pollardview
1337,58,2025-12-01,Desktop,West Kimport
466,59,2024-10-09,Tablet,Andersonland
1,60,2023-10-19,Web,North Cathy
200,61,2020-08-31,Tablet,Mccormickmouth
913,62,2021-02-27,iPhone,Lake Kaitlynfort
685,63,2022-05-29,Android,South Eddie
374,64,2023-01-08,iPhone,South Willie
907,65,2022-12-26,Android,East Brent
308,66,2020-10-13,Desktop,Obrienmouth
29,67,2023-02-27,Tablet,Marthaberg
361,68,2022-10-04,Desktop,Murrayhaven
35,69,2023-09-15,Web,Kimberlyton
256,70,2020-04-18,Web,Georgestad
93,71,2020-11-02,Web,West Jenniferview
254,72,2020-08-02,Desktop,North Jamesshire
317,73,2022-12-18,Web,New Mariaburgh
1296,74,2024-02-26,Tablet,South Michaelside
133,75,2024-11-15,iPhone,Amandaville
209,76,2022-11-06,Web,Hoffmanshire
1256,77,2023-06-09,iPhone,East John
1148,78,2024-08-10,Android,Michaelville
1467,79,2026-02-24,Tablet,Bryanside
258,80,2024-01-12,iPhone,Robersonborough
400,81,2023-10-28,Tablet,North Anthonyton
998,82,2024-06-29,Web,East Jocelynville
1304,83,2022-09-16,Android,New Bradley
1173,84,2022-09-25,Android,South Barrybury
172,85,2020-09-26,Web,Bellstad
803,86,2021-01-24,Desktop,Port Evanfort
459,87,2020-10-22,Android,South Melissachester
1401,88,2025-04-11,Android,New Anthonyburgh
944,89,2024-02-17,iPhone,Alexanderland
1060,90,2021-06-05,Desktop,Milesborough
699,91,2022-01-01,Tablet,Robinsonmouth
193,92,2021-11-17,Android,Santosland
849,93,2023-03-18,Android,Coxview
1296,94,2024-05-26,Android,South Josephmouth
527,95,2020-12-12,iPhone,Wileyport
1433,96,2024-10-31,Web,North Kevinmouth
1365,97,2021-10-18,iPhone,South Jamesfort
877,98,2020-12-29,iPhone,North Holly
978,99,2023-01-13,Web,Fischerton
1439,100,2021-01-24,Tablet,East Sergio
474,101,2022-06-04,Web,Mileschester
1380,102,2024-06-30,Web,Mathewsshire
1257,103,2025-05-26,Tablet,East Andrewfort
1182,104,2020-08-21,Desktop,North Cassandraton
884,105,2026-04-22,Android,Tinabury
949,106,2024-11-09,Tablet,East Monica
1470,107,2024-09-30,iPhone,Steelefort
1323,108,2025-01-07,Web,Port Adamchester
387,109,2025-11-22,Desktop,South Amy
362,110,2023-12-09,Tablet,South Samantha
543,111,2024-07-22,iPhone,New Crystal
373,112,2022-06-29,iPhone,Port Taylor
1043,113,2024-08-11,Tablet,West Cassandra
697,114,2026-03-17,Android,East Courtneyberg
411,115,2026-04-15,Tablet,Galvanberg
52,116,2021-02-08,Web,New Courtneymouth
1166,117,2023-08-01,Android,West Claudia
559,118,2022-06-11,Tablet,Port Charles
645,119,2026-02-24,Android,Tuckershire
929,120,2020-08-31,Desktop,Dickersonfurt
585,121,2022-08-20,Tablet,West Robert
585,122,2022-08-19,Desktop,North Jessica
790,123,2025-11-20,Desktop,East Courtneyland
562,124,2022-12-07,Tablet,Port Brianberg
823,125,2023-01-16,Web,New Natalietown
781,126,2022-08-20,Tablet,Edwardmouth
500,127,2023-05-11,iPhone,Medinaside
354,128,2021-06-30,Android,Rebeccabury
288,129,2020-08-15,Web,Mackenziefurt
698,130,2021-01-03,Android,Lake John
1050,131,2023-02-05,iPhone,Beverlyside
453,132,2021-07-25,Android,Adamstown
39,133,2025-03-16,Tablet,South John
936,134,2021-12-23,Tablet,South Timothystad
1413,135,2021-10-15,Android,Rhondafurt
1494,136,2024-11-16,Web,Port Jamie
720,137,2021-07-20,Web,Matthewbury
448,138,2022-11-28,Desktop,Lake Douglas
1268,139,2022-04-22,Android,East Jeffery
1115,140,2020-04-20,iPhone,Lynchland
1020,141,2023-09-06,Desktop,Lake Kevin
254,142,2024-08-27,Android,Martinchester
1429,143,2024-04-02,Android,Barkerbury
881,144,2023-11-29,iPhone,South Lisaborough
169,145,2026-01-06,iPhone,East Jonathontown
500,146,2020-12-01,Android,Lake Lauraberg
297,147,2025-02-03,Android,North Johnside
1046,148,2024-04-09,Web,North Jeremy
157,149,2023-02-10,Android,New Nathanbury
82,150,2023-12-17,Android,Christophermouth
343,151,2023-02-01,Desktop,Herreraton
814,152,2021-11-22,iPhone,East Victoria
137,153,2024-02-02,Tablet,Port Jennifer
1235,154,2021-04-09,Android,Williamshire
55,155,2022-03-25,Tablet,Martinfort
779,156,2024-12-30,Web,East Tara
1066,157,2024-05-01,Tablet,South Brianberg
466,158,2022-07-04,Web,Jeffreyland
630,159,2021-01-26,Desktop,Lake James
564,160,2022-07-25,Tablet,East Edward
323,161,2025-05-24,Web,West Juliahaven
1355,162,2025-06-29,Web,New Scott
172,163,2023-05-28,Android,Port Michaelland
58,164,2024-08-03,Web,New John
425,165,2022-08-27,Android,Heatherbury
732,166,2022-06-07,Android,Calderonshire
1392,167,2021-03-24,iPhone,Jasonport
1084,168,2024-09-17,Desktop,West Robert
1393,169,2025-11-30,iPhone,Lake Jeanette
465,170,2022-09-30,Desktop,South Jackie
632,171,2024-06-28,Web,Castrohaven
1345,172,2023-07-10,Desktop,North Gregoryview
1033,173,2021-11-27,Web,North Lorihaven
792,174,2022-02-25,iPhone,Brittanyville
233,175,2024-04-02,Android,Angelatown
742,176,2020-07-04,Tablet,Marystad
901,177,2023-08-13,Tablet,Josephchester
1113,178,2023-12-26,Web,Sherylstad
135,179,2024-04-19,Android,New Matthew
102,180,2021-07-10,Android,Port Chloe
918,181,2021-12-11,Web,Rachaeltown
1268,182,2022-05-14,iPhone,East Kristinfurt
166,183,2025-12-04,Android,Lake Dawn
1100,184,2022-09-06,Android,North Luischester
409,185,2025-09-25,Tablet,West Jasonton
706,186,2023-05-05,Android,Matthewfort
624,187,2021-06-06,Android,Amychester
68,188,2025-01-03,Web,East Catherineberg
83,189,2021-05-28,Tablet,Stevenmouth
2,190,2021-09-03,Tablet,Cochranland
832,191,2026-03-11,Desktop,Bakermouth
611,192,2026-01-30,Web,Port Lindseymouth
1431,193,2021-05-18,Tablet,South Katieshire
438,194,2024-02-06,Tablet,Ellisonburgh
124,195,2023-10-06,Desktop,North Ashleyport
766,196,2023-08-12,Desktop,East Nicholas
909,197,2022-10-20,Tablet,Jonesside
96,198,2026-03-22,Tablet,West Danielle
875,199,2025-02-01,Tablet,Smithview
1454,200,2023-12-13,Desktop,Davidview
1225,201,2024-01-02,Web,West Timothy
73,202,2026-03-09,Web,Christinaberg
1172,203,2025-08-08,Tablet,North Robertmouth
1384,204,2026-01-01,Android,North Megan
307,205,2022-06-07,Web,Samuelberg
1354,206,2025-03-26,iPhone,Sarahshire
65,207,2020-10-02,Desktop,New Stevenview
312,208,2024-11-13,Desktop,Johnnymouth
1455,209,2025-04-15,Web,New Amanda
709,210,2025-09-07,Android,North Brenda
513,211,2021-06-23,Web,Stevenhaven
1380,212,2026-03-30,Desktop,Lake Phillip
218,213,2024-09-08,Android,Lake Rachelview
901,214,2023-06-28,Android,Kellyview
1298,215,2021-08-13,Desktop,New Debbieport
1030,216,2022-12-08,Desktop,South Alanstad
650,217,2021-06-06,Tablet,Ronaldstad
420,218,2021-10-27,Web,Lake Kenneth
614,219,2026-02-06,iPhone,Kempside
558,220,2023-01-25,Desktop,New Betty
1179,221,2025-05-25,iPhone,Petersenbury
382,222,2020-05-14,Tablet,Timothyland
526,223,2025-12-26,iPhone,Abbottport
111,224,2021-05-05,Web,Maxwellhaven
6,225,2024-01-12,Web,New Jonathanside
1179,226,2022-04-18,Desktop,West Jenniferfort
1252,227,2023-08-30,Web,Wrighttown
915,228,2022-03-04,Tablet,Jessicamouth
410,229,2021-05-08,iPhone,Brownberg
47,230,2022-02-27,iPhone,Ericashire
1329,231,2023-10-07,Web,New Brittanyborough
566,232,2024-12-26,iPhone,New Brandiport
1413,233,2025-07-20,Tablet,Stephensfort
1365,234,2020-08-31,Web,Watsontown
1118,235,2025-07-27,Desktop,Lynnland
1498,236,2023-09-28,Android,West Mary
419,237,2022-08-11,Android,New Davidton
53,238,2023-09-11,Tablet,Petersonport
645,239,2021-07-23,Desktop,Port Heatherside
1364,240,2021-12-21,Android,Comptonstad
80,241,2020-09-03,Android,New Steventon
694,242,2021-09-07,Tablet,North Sonyaberg
310,243,2021-12-24,iPhone,Smithfurt
1453,244,2026-02-24,iPhone,Hammondbury
1129,245,2021-11-14,iPhone,Port Erica
1124,246,2025-07-07,Desktop,Bishopview
1334,247,2023-10-09,Web,New Kevin
431,248,2024-12-26,Web,New Danielle
1491,249,2023-12-30,Desktop,Oliverland
345,250,2025-01-12,Tablet,Jeffreyborough
455,251,2022-01-03,Desktop,West Wesleyside
1191,252,2023-03-06,Android,Saramouth
642,253,2022-06-20,Android,East Stacieview
1248,254,2023-04-24,Tablet,Port James
1431,255,2023-01-28,iPhone,West Melissa
117,256,2022-02-08,Android,Erikmouth
1420,257,2025-11-02,Desktop,West Daniel
950,258,2025-06-27,Web,Tiffanytown
52,259,2025-01-26,Android,North Kristinfort
1180,260,2026-02-05,Web,Michellechester
1327,261,2022-06-14,iPhone,North Jacqueline
524,262,2024-10-06,Tablet,Wilsonmouth
1098,263,2021-08-29,Android,Burtonburgh
988,264,2025-06-12,Web,Port Christopherbury
1492,265,2020-05-20,Desktop,Christopherville
1333,266,2021-01-22,Desktop,Port Juanmouth
1398,267,2022-01-31,Desktop,Brendaville
806,268,2023-01-22,Tablet,East Theresaton
1222,269,2025-04-10,iPhone,Tateberg
591,270,2021-03-19,iPhone,Shawnville
174,271,2022-10-23,Web,West Christianton
1072,272,2024-11-11,iPhone,New Marissa
795,273,2021-11-02,iPhone,West Austin
963,274,2023-03-23,Tablet,Kathleenview
676,275,2020-07-27,Web,New Tracitown
1489,276,2021-02-17,Desktop,Harrellville
729,277,2021-09-04,Web,East Connieton
52,278,2020-04-20,Desktop,Anthonyshire
1097,279,2024-05-06,iPhone,Lake Dylanborough
1482,280,2024-02-17,Desktop,Guzmanside
1280,281,2021-06-02,Web,South Melissa
47,282,2020-04-16,Tablet,Feliciashire
985,283,2021-08-02,Desktop,South Lydiamouth
429,284,2020-07-23,Desktop,Collinstad
1282,285,2021-07-17,Web,Fletcherburgh
758,286,2021-07-31,iPhone,New Ronaldland
16,287,2025-07-25,Desktop,New Frankville
2,288,2024-09-18,Android,Lake Jackmouth
1371,289,2025-06-19,Tablet,Rollinsmouth
391,290,2023-05-06,Desktop,Morrismouth
226,291,2021-07-16,Desktop,Lake Dalebury
426,292,2023-11-16,Android,East Juliemouth
1086,293,2021-09-22,Desktop,Walshville
803,294,2025-07-26,Android,Toddmouth
1248,295,2024-01-04,Android,West Ericview
16,296,2020-05-28,Tablet,Brianside
1486,297,2023-01-09,iPhone,Andrewhaven
201,298,2020-12-02,Web,East Margaret
141,299,2022-11-26,Android,Port Corymouth
976,300,2021-01-10,Android,Connieton
1452,301,2021-05-07,iPhone,Rubioborough
836,302,2021-07-01,iPhone,New Stephen
1388,303,2025-12-24,Android,Amandamouth
1018,304,2024-08-21,Tablet,Paulhaven
24,305,2024-08-28,Web,South Glenn
980,306,2023-07-13,Desktop,Deniseburgh
521,307,2023-07-09,Android,Victorborough
1167,308,2025-09-22,Desktop,Calhounchester
1486,309,2024-02-12,iPhone,West Kimberlymouth
99,310,2022-09-21,iPhone,New Lindsay
505,311,2022-07-10,iPhone,Melissabury
977,312,2025-09-15,Desktop,Mcknighttown
917,313,2020-07-21,iPhone,Cruzview
117,314,2020-11-30,iPhone,South Troy
657,315,2025-11-28,Tablet,South Ashley
1457,316,2024-08-27,Web,Ortegaport
833,317,2023-07-14,iPhone,East Thomasburgh
707,318,2023-10-02,Android,Riveraside
40,319,2020-10-27,Desktop,New Elizabethtown
384,320,2022-12-28,Desktop,Stricklandbury
255,321,2024-08-28,Desktop,Johnsland
1131,322,2022-03-03,Tablet,East Rebeccabury
316,323,2021-10-06,Desktop,North Derek
741,324,2020-10-09,Desktop,South Vanessa
880,325,2024-06-15,Desktop,South Shannon
1195,326,2023-08-09,Desktop,New Michaelhaven
1363,327,2022-12-23,Android,East Antonio
1330,328,2024-11-06,Android,Laurieview
446,329,2023-01-25,Web,New Chloe
845,330,2022-12-14,iPhone,West Kimberly
198,331,2024-12-26,iPhone,Sanchezburgh
1233,332,2020-12-20,iPhone,New Crystalberg
1308,333,2023-11-07,Tablet,Traceyhaven
59,334,2025-11-10,Tablet,West Seth
1077,335,2025-09-08,Web,Annachester
200,336,2025-12-21,iPhone,Floresland
973,337,2023-04-09,iPhone,Fieldsfurt
1410,338,2021-02-12,Android,New Michaelport
251,339,2024-04-29,Android,Hobbsfort
1123,340,2022-02-10,iPhone,Gutierrezberg
910,341,2023-08-23,iPhone,Kimfurt
752,342,2022-03-16,iPhone,South Brittanyshire
1207,343,2020-06-28,iPhone,Gutierrezfurt
966,344,2025-12-16,Android,Johnsonville
148,345,2022-04-21,Android,West Arthurchester
224,346,2024-11-01,Desktop,Heatherstad
1202,347,2022-09-04,Web,North Matthew
898,348,2022-07-30,Tablet,Joshuamouth
1138,349,2022-12-13,Web,Williamsstad
137,350,2022-01-06,Tablet,South John
1148,351,2021-08-26,Web,New Theresafort
973,352,2021-08-03,iPhone,Whitneyland
647,353,2021-03-05,Tablet,Bowenmouth
480,354,2024-02-27,Tablet,Baldwinton
1073,355,2025-01-05,Tablet,East Savannahshire
342,356,2025-04-28,Web,Jessehaven
92,357,2024-08-02,Web,Penningtontown
727,358,2021-04-04,Android,South Vincent
709,359,2020-04-10,Web,Snyderhaven
1117,360,2024-05-20,Tablet,Jeanetteview
1149,361,2020-11-21,Tablet,Port Christopher
82,362,2024-02-19,iPhone,Brucetown
149,363,2020-11-03,Android,South Annafurt
864,364,2025-09-19,Android,North Andrea
193,365,2020-09-14,iPhone,East Jessica
995,366,2024-08-20,iPhone,Bradfordfort
1162,367,2020-05-10,Desktop,Brianshire
993,368,2020-04-17,Desktop,Brianborough
491,369,2021-12-21,Desktop,South Edwardbury
909,370,2023-09-13,Android,South Alexanderborough
701,371,2026-01-25,Android,North Caitlinburgh
217,372,2021-08-21,iPhone,Durhamburgh
1258,373,2024-09-22,Desktop,North Olivia
1376,374,2020-08-16,Web,North Wesley
460,375,2021-09-13,iPhone,Kiddfurt
1486,376,2020-09-15,Web,West Briannaview
929,377,2022-02-23,Desktop,North Darryl
176,378,2021-02-05,Web,Davidfurt
873,379,2022-11-11,iPhone,Katrinatown
354,380,2022-07-09,iPhone,Sloanberg
425,381,2020-12-26,Tablet,Kimberlymouth
1175,382,2020-01-07,iPhone,Gwendolynfurt
1105,383,2022-04-04,iPhone,East Johnland
1358,384,2025-01-25,Android,Sarahbury
1067,385,2024-01-19,Web,Rothberg
285,386,2020-02-05,Android,Lake Loriside
214,387,2022-09-04,Tablet,Lake Jenniferton
174,388,2025-12-07,Desktop,Lake Christopher
291,389,2025-06-13,iPhone,East Krystal
1319,390,2024-07-03,iPhone,Port Karlabury
577,391,2025-06-16,Tablet,Gallowaybury
1367,392,2021-10-06,Android,North Kimberlyport
1134,393,2020-09-24,Web,East Shari
663,394,2025-05-15,Android,East Steven
1448,395,2024-06-18,Android,North Raymond
594,396,2020-03-29,Web,Abigailchester
615,397,2026-04-20,iPhone,Lake Kariborough
842,398,2025-10-10,Android,North Kimborough
1172,399,2022-06-25,Android,Elijahmouth
1079,400,2023-05-31,Tablet,South Savannah
1015,401,2023-09-13,iPhone,East Andrewberg
680,402,2021-11-15,Web,Port Jason
1407,403,2023-04-14,Web,Wrightland
810,404,2025-07-08,Tablet,East Timothyport
1158,405,2024-10-14,Desktop,Greenton
973,406,2020-11-05,Android,Morrisburgh
573,407,2025-12-30,Desktop,Natashabury
1109,408,2020-12-25,Tablet,Aliciafort
966,409,2025-03-01,Web,Villanuevamouth
339,410,2022-05-15,iPhone,Port Coreychester
274,411,2025-05-14,Android,West Benjamin
232,412,2024-07-10,Android,Tonifort
1454,413,2024-07-09,iPhone,South Jesse
1438,414,2023-05-01,Tablet,Bryantville
530,415,2023-04-16,Android,Lyonsland
648,416,2020-09-07,Desktop,Carlsonborough
774,417,2022-08-07,Tablet,Lawrencefort
611,418,2023-02-14,iPhone,Jennifertown
388,419,2025-05-24,Desktop,West Robertstad
272,420,2023-11-24,Desktop,East Nathanton
43,421,2022-02-17,Desktop,Gardnerfort
1004,422,2024-02-19,iPhone,South Daniel
357,423,2026-02-16,iPhone,Gatesstad
395,424,2024-12-16,Tablet,Emilyport
817,425,2024-04-08,Web,Ianland
18,426,2023-01-18,Android,Brownhaven
639,427,2023-08-20,Desktop,Lisaville
373,428,2021-04-02,Tablet,New Charles
350,429,2021-10-04,Tablet,South Davidmouth
1004,430,2025-03-30,Web,Lake Devinfort
393,431,2021-06-13,Android,East Jonathanhaven
253,432,2023-06-04,Tablet,West Robertmouth
354,433,2025-04-06,Web,Smithborough
36,434,2024-01-09,Desktop,Johnburgh
344,435,2022-04-17,Web,Robertville
244,436,2022-01-08,iPhone,East Pamela
91,437,2025-11-28,iPhone,West Ronald
545,438,2024-03-19,Tablet,Brettview
230,439,2025-02-03,Web,Port Jasmineside
1426,440,2021-03-11,Android,West Taylorview
819,441,2020-06-20,Desktop,East Matthew
1390,442,2026-04-08,Web,Maryfurt
984,443,2022-06-30,iPhone,Patrickview
477,444,2023-11-21,Android,Lake Brendaberg
876,445,2023-07-03,Web,Sanchezville
1064,446,2023-04-15,Tablet,South Christopherside
1422,447,2021-06-11,Desktop,Westland
931,448,2024-08-28,Android,Jonesbury
458,449,2022-10-16,Android,Port Seanside
1263,450,2025-08-26,Tablet,Timothystad
1335,451,2025-03-15,iPhone,Coreyborough
1202,452,2020-08-31,Web,Johnsonbury
668,453,2023-06-18,Android,Alvarezport
970,454,2021-09-11,Desktop,Donnashire
905,455,2026-02-12,Android,Sandersborough
755,456,2023-12-29,iPhone,Lake Caitlin
1404,457,2020-02-23,Desktop,Danielview
572,458,2023-05-21,Web,Jeremymouth
3,459,2020-12-06,Web,Crawfordburgh
789,460,2023-02-09,Android,Grayland
1047,461,2022-09-29,Tablet,South Joseph
865,462,2021-09-09,Web,Taylorland
1339,463,2023-08-03,Android,Burkeborough
410,464,2020-05-07,iPhone,New Robert
126,465,2025-07-18,iPhone,Davidfurt
763,466,2024-05-15,Tablet,Alyssastad
216,467,2024-12-24,Web,East Seth
1225,468,2022-10-24,Android,Lake Todd
573,469,2023-03-18,iPhone,Chavezchester
418,470,2023-04-23,Tablet,Fordshire
1161,471,2021-08-14,iPhone,Christophermouth
1423,472,2020-10-21,iPhone,Lynnton
609,473,2021-06-26,iPhone,Port Tinaport
539,474,2024-01-28,Tablet,New Sara
1186,475,2024-07-23,Android,Kaylaberg
1268,476,2023-04-17,Desktop,Port Cindy
319,477,2022-04-06,Android,Peterchester
1216,478,2022-09-23,iPhone,Ryanstad
149,479,2021-11-09,Android,South Joshua
1196,480,2022-07-29,Tablet,East Eric
906,481,2025-09-20,Android,New Jonathanhaven
1495,482,2023-03-07,Android,Hicksburgh
459,483,2022-01-28,iPhone,Atkinsland
376,484,2021-08-23,Desktop,West Jessica
658,485,2020-02-16,iPhone,Alexiston
565,486,2020-06-24,Web,North Jasonview
559,487,2020-11-01,iPhone,Jessicashire
825,488,2024-07-17,Web,Brownfort
1021,489,2025-12-31,Tablet,North Heathertown
384,490,2026-01-05,Desktop,Donnastad
1252,491,2025-07-16,Web,West Genebury
1438,492,2020-02-08,Android,New Willie
784,493,2024-11-27,Android,Vickiside
567,494,2023-10-26,Android,Perezville
1208,495,2023-07-14,iPhone,Port Zachary
1229,496,2022-07-05,Web,Alexton
783,497,2025-01-03,Web,Arroyofurt
188,498,2022-03-10,Desktop,North Brianborough
229,499,2025-01-04,Tablet,South Gregory
1073,500,2023-01-30,Desktop,Curtismouth
452,501,2025-10-12,Tablet,Port Donna
761,502,2025-02-07,Web,Jacquelinemouth
1368,503,2022-11-04,Web,South Sarafurt
843,504,2024-12-20,Android,Glennshire
1042,505,2025-06-16,Android,Whitefurt
355,506,2024-05-21,Tablet,Frankside
1164,507,2024-02-07,iPhone,South Gregory
1307,508,2025-07-23,iPhone,Lake Melissashire
1058,509,2025-03-13,Web,Davisstad
1478,510,2026-03-31,iPhone,Williamsshire
880,511,2021-05-01,Android,Woodville
104,512,2021-03-03,iPhone,East Devon
776,513,2025-11-29,Tablet,South Angelahaven
402,514,2022-11-01,Tablet,North Jonathan
163,515,2021-07-05,Web,West Michelle
102,516,2026-01-09,Web,Jonathanside
1311,517,2020-07-06,Desktop,East Tanya
415,518,2021-06-13,Tablet,Port Lisaton
456,519,2024-04-19,Android,North Calvin
1429,520,2023-03-18,iPhone,Brittanystad
363,521,2023-06-15,Tablet,Port Michelleside
1239,522,2020-07-18,iPhone,North Sandraville
1230,523,2024-06-11,Tablet,Lisabury
1140,524,2026-02-07,iPhone,New Deanland
1177,525,2024-09-28,Web,Lake Wendytown
807,526,2023-01-10,Web,Gibsonburgh
1426,527,2022-11-30,Android,Lake Michele
862,528,2022-03-12,Android,Johnsonberg
865,529,2023-01-09,Web,Nancyborough
453,530,2025-05-05,Desktop,Collinsshire
343,531,2021-11-03,Desktop,Catherinehaven
755,532,2020-03-04,Tablet,North Hannahmouth
386,533,2022-10-22,Android,Lake Paulfurt
456,534,2025-09-02,Android,North Stephanie
448,535,2025-08-21,Tablet,Lake Jennifershire
102,536,2021-04-30,Desktop,Vaughnburgh
186,537,2026-02-13,Android,South Brandon
566,538,2020-09-30,Tablet,Youngshire
924,539,2025-03-05,Desktop,North Tami
673,540,2020-02-04,Web,Debraborough
1483,541,2024-06-02,iPhone,Shawfort
921,542,2023-11-10,Desktop,New Bryanburgh
1039,543,2020-04-08,Android,Richardstown
445,544,2023-01-08,iPhone,Mitchellburgh
1249,545,2026-01-08,Tablet,Rachelton
429,546,2022-08-02,Android,Port Emily
814,547,2024-07-20,Android,North Joan
1488,548,2022-12-28,iPhone,Snowville
539,549,2023-11-08,Android,South Kathleenchester
870,550,2020-04-03,iPhone,Stantonborough
839,551,2023-07-15,Web,South Josephshire
983,552,2023-07-02,iPhone,Shawburgh
237,553,2022-09-15,iPhone,New Matthewport
1095,554,2025-09-27,Tablet,South Jasminechester
459,555,2020-03-29,iPhone,North Matthew
1040,556,2022-05-01,Desktop,Marilynfurt
1444,557,2022-06-05,iPhone,Gutierrezmouth
836,558,2022-03-14,Desktop,Jamesville
1224,559,2025-08-31,Web,Hartton
127,560,2023-12-03,Desktop,North Rachel
297,561,2025-10-17,Tablet,Blackville
466,562,2025-10-31,Web,Angelaborough
1185,563,2026-04-22,Tablet,Beckerton
1051,564,2024-03-31,Web,South Danielton
551,565,2022-04-20,Android,Mallorymouth
932,566,2020-02-26,Tablet,Stokesshire
954,567,2025-10-09,Android,Chadmouth
232,568,2024-07-05,iPhone,New Kristina
1308,569,2026-01-12,Tablet,South Jamesmouth
480,570,2025-09-24,iPhone,Port Ashleyhaven
252,571,2024-08-05,Desktop,Jacquelinetown
70,572,2026-04-08,Tablet,Munozside
1093,573,2025-09-30,Desktop,South Vanessa
1472,574,2020-08-02,Desktop,Alexanderburgh
1372,575,2021-05-01,iPhone,Port Margaret
1442,576,2023-08-12,iPhone,Russellmouth
926,577,2025-01-03,Desktop,Robinview
1189,578,2021-05-06,iPhone,Jackieside
697,579,2021-12-17,Web,North Jodibury
1071,580,2020-10-09,Desktop,South Deborah
1118,581,2024-10-06,Android,Charlesstad
1234,582,2022-10-25,Desktop,South Angela
1190,583,2022-03-19,Tablet,North Ryan
1486,584,2021-01-23,Tablet,Suzanneberg
1396,585,2025-11-12,Android,Port Michaelside
858,586,2021-06-10,Tablet,Jameston
462,587,2022-03-14,Android,Castrofort
776,588,2024-04-05,Web,Kristopherfort
991,589,2021-08-15,Android,Scottfurt
188,590,2025-11-28,iPhone,East Traceystad
929,591,2023-03-18,Web,North Michelletown
139,592,2021-07-04,Tablet,Kyleton
1017,593,2021-05-31,Web,West Jeffreyside
1332,594,2021-04-28,Desktop,Walkertown
828,595,2022-06-22,Desktop,North Danhaven
756,596,2022-08-13,Desktop,Mccormickview
655,597,2024-01-22,Web,East Renee
465,598,2025-03-08,iPhone,Port Anthony
423,599,2022-02-18,Web,New Nathanland
460,600,2024-06-16,Web,Port Robertview
70,601,2020-03-21,Desktop,Alyssamouth
361,602,2020-06-05,Tablet,Priceside
1268,603,2020-05-16,Web,New Charlesville
1267,604,2023-08-25,Android,New Scott
108,605,2021-10-26,Web,North Christopher
963,606,2023-10-06,iPhone,North Brian
275,607,2020-01-23,iPhone,East Angelicaview
1266,608,2022-01-02,iPhone,Bradleyview
491,609,2023-10-23,Tablet,Dominiquechester
972,610,2025-08-02,Tablet,Lake Rebecca
796,611,2023-11-12,Desktop,Port Paige
1022,612,2024-06-28,Desktop,East Dustinland
25,613,2025-05-05,Web,North Evanfort
263,614,2022-04-26,iPhone,East Timothyport
781,615,2022-09-22,Tablet,Shellymouth
1091,616,2025-03-24,Desktop,Kelseystad
810,617,2020-03-29,Web,Stewartville
888,618,2024-04-05,Android,Michaelmouth
741,619,2020-02-01,iPhone,Benjaminland
1469,620,2024-01-13,Web,Reedtown
450,621,2021-06-09,Desktop,Pierceville
706,622,2024-12-29,Android,Gabriellemouth
469,623,2020-02-11,Desktop,South Helen
21,624,2021-12-11,iPhone,Michelleland
995,625,2024-11-22,Desktop,Victorside
1167,626,2025-01-06,iPhone,Cartershire
1492,627,2023-04-15,Desktop,New Sandraland
305,628,2021-11-29,Android,Nealburgh
790,629,2025-04-27,Desktop,New Kent
188,630,2026-03-16,iPhone,Port Karen
1154,631,2023-04-01,Web,North Deborah
354,632,2023-02-16,Android,Port John
318,633,2025-07-25,Tablet,Abigailshire
414,634,2025-04-30,Web,Port Donaldfort
1312,635,2022-10-29,iPhone,Anthonymouth
348,636,2023-09-28,Web,Lake Robert
317,637,2022-12-16,Android,Port Christinaville
115,638,2025-11-27,Desktop,Louisstad
42,639,2025-07-26,iPhone,West Saraport
1258,640,2024-01-18,Web,Lake Patricia
954,641,2025-03-14,Tablet,Jacksonhaven
1232,642,2021-09-19,Android,Carolinemouth
702,643,2022-10-15,Android,South Aimeehaven
511,644,2021-08-20,Web,South Edwardstad
763,645,2025-03-04,Android,North Nicholas
801,646,2023-07-31,Tablet,North Francisco
1231,647,2021-08-13,Desktop,Janetview
836,648,2025-07-26,Tablet,Marshallborough
527,649,2026-04-26,Android,Port Richardport
1277,650,2023-07-29,Tablet,Port Virginia
202,651,2022-07-20,Tablet,Matthewberg
1351,652,2021-01-19,Web,New Heidi
818,653,2025-01-13,Tablet,Smithtown
357,654,2023-04-30,Web,West George
613,655,2022-06-27,iPhone,Morganbury
356,656,2024-05-23,Android,New Jessica
58,657,2025-03-12,iPhone,Brownburgh
296,658,2020-10-30,Tablet,Heidistad
1463,659,2020-05-24,Tablet,New Melissa
206,660,2024-09-25,iPhone,Lake Kyleview
1106,661,2020-09-08,Tablet,Currymouth
1182,662,2020-08-13,Desktop,Port Isabel
760,663,2021-09-17,Web,North Mariah
217,664,2025-02-27,iPhone,West Nicholasfort
435,665,2021-08-07,Android,Port Michael
588,666,2022-12-19,Web,Watkinsville
846,667,2025-04-19,Tablet,Bradfurt
448,668,2021-04-20,Tablet,South Melissahaven
459,669,2024-03-21,Android,Johnsonfurt
752,670,2024-05-25,Web,Lake Cheryl
1095,671,2023-09-09,Web,Matthewton
909,672,2023-11-04,iPhone,Nelsonmouth
1260,673,2024-10-23,Tablet,Port Jonathan
908,674,2024-03-15,Web,Port Richard
1025,675,2026-01-03,Web,Clineview
1178,676,2025-09-06,Tablet,Bellport
581,677,2024-10-14,Android,North Lisa
74,678,2022-05-05,Tablet,West Andreamouth
1306,679,2020-11-20,Desktop,Lake Miranda
686,680,2025-01-31,Web,Brownbury
1222,681,2020-06-05,Desktop,Port Carmenbury
1265,682,2024-10-18,Web,Olsonside
779,683,2021-04-24,Tablet,Brownton
1462,684,2025-01-05,Web,Courtneyburgh
1234,685,2025-12-03,Android,Lake Michellestad
1037,686,2026-01-01,iPhone,Christinabury
605,687,2020-05-28,Desktop,Hernandezfurt
460,688,2021-06-01,iPhone,Michellestad
630,689,2024-12-04,Android,South Michaelstad
1315,690,2023-12-12,Tablet,New Jordanfurt
798,691,2022-06-22,Tablet,Madisonview
1143,692,2021-02-25,Android,Colefurt
575,693,2022-01-06,Web,West Nicole
777,694,2020-12-12,Tablet,Boyerborough
1490,695,2024-11-29,Web,Alvarezchester
87,696,2023-05-17,Web,Vasquezhaven
1113,697,2023-01-07,Desktop,New Audreyborough
1380,698,2024-06-05,Tablet,Christophermouth
910,699,2020-10-07,Android,Lake Ryan
409,700,2023-05-04,iPhone,Lake Amanda
95,701,2025-01-16,iPhone,Alexanderstad
369,702,2024-11-08,iPhone,Kylebury
275,703,2020-06-18,Web,Jonesburgh
146,704,2021-06-16,iPhone,East Susan
563,705,2023-06-20,iPhone,New Phillip
684,706,2025-10-16,iPhone,Jeffreyport
578,707,2020-08-17,Android,Jonesmouth
1216,708,2021-01-14,Desktop,Fullerside
1441,709,2021-09-10,iPhone,New Omar
453,710,2021-01-06,Tablet,Edwinview
1269,711,2023-11-22,Web,East Joshuamouth
1416,712,2022-11-21,iPhone,Port Devonhaven
719,713,2022-02-06,iPhone,Annettefort
217,714,2025-06-12,Web,Amychester
558,715,2020-11-19,Web,Michaelside
634,716,2023-11-28,Android,Carrieberg
753,717,2024-12-19,Desktop,East Christian
1159,718,2021-07-30,Web,New Peterbury
791,719,2024-01-31,Desktop,Port Pamelaport
1380,720,2021-03-19,Web,North Eric
75,721,2022-01-15,Desktop,Coreyside
350,722,2023-02-08,Tablet,East Kaylee
594,723,2022-09-22,Web,Strongfurt
450,724,2024-05-17,Desktop,Morseview
1186,725,2026-03-12,iPhone,Michellestad
721,726,2022-09-30,Desktop,Lake Stephanieport
1231,727,2023-06-21,Desktop,Lisaville
1399,728,2022-01-16,Android,Wrightbury
1451,729,2024-02-02,iPhone,Lake Wendy
1226,730,2021-12-23,iPhone,West Deniseland
147,731,2024-08-31,iPhone,North John
1278,732,2021-04-20,Desktop,Port Zacharyburgh
333,733,2024-06-03,iPhone,Frazierchester
636,734,2026-02-14,Web,Whiteview
806,735,2021-01-05,Android,North Eric
873,736,2023-05-04,Desktop,Xavierland
1420,737,2023-05-16,Android,Kennethside
89,738,2020-01-12,Web,West Lindseyview
953,739,2020-08-14,Desktop,Mcguireside
70,740,2025-11-05,Web,Chenview
1270,741,2023-11-10,Desktop,Rowestad
641,742,2021-10-05,Tablet,Guzmanmouth
1363,743,2025-04-16,Desktop,New Andreaview
778,744,2021-11-08,Desktop,East Samuelville
1447,745,2020-12-27,Android,Stephensstad
763,746,2022-03-12,Desktop,New Leah
553,747,2025-10-10,Desktop,Smithborough
680,748,2024-03-27,Web,Port Troyburgh
133,749,2024-10-17,Web,Cynthiamouth
769,750,2025-07-09,Desktop,East Jasonside
906,751,2023-06-11,Web,Blackwellhaven
93,752,2025-07-09,Desktop,Lake Antoniohaven
1417,753,2021-05-15,Android,New Leslie
759,754,2022-09-27,Android,Benjaminburgh
961,755,2022-07-26,iPhone,South Nathaniel
1207,756,2021-02-10,Web,Kelliberg
318,757,2022-05-03,Tablet,Michelleberg
795,758,2023-12-30,Desktop,Lake Mark
1265,759,2024-11-02,Android,Frostburgh
100,760,2025-07-01,Desktop,Samuelland
1140,761,2023-01-14,Web,West Mitchellville
1120,762,2020-11-23,iPhone,North Robertton
173,763,2023-11-04,Web,Lake Christophershire
1159,764,2020-06-27,Android,Lisaville
468,765,2025-01-28,Android,Paulborough
1301,766,2021-12-22,Desktop,South Gabrielton
712,767,2023-12-20,Web,Port Jessica
602,768,2023-07-20,iPhone,Rachelborough
822,769,2022-11-20,Desktop,East Jennaton
1024,770,2022-11-11,Web,Rayport
411,771,2025-10-30,iPhone,South Jason
489,772,2021-12-04,Tablet,Terryville
1299,773,2020-06-17,Tablet,East Jasontown
1120,774,2025-05-30,Web,East Michaelfort
1174,775,2023-12-23,Tablet,North Nicholas
874,776,2022-04-18,Android,East Mary
1353,777,2020-11-16,Android,Jenniferton
770,778,2024-08-09,Desktop,Kaufmanton
501,779,2020-02-28,iPhone,Torresside
366,780,2025-09-07,Android,New Ginaland
172,781,2022-02-10,Desktop,West Christinaland
460,782,2020-07-04,Web,Gateshaven
864,783,2020-09-24,Desktop,Jamestown
914,784,2024-11-26,Desktop,West Shawnstad
501,785,2020-05-06,Android,North Bethshire
39,786,2024-09-20,Web,Webbfort
1440,787,2022-12-01,Desktop,New Michael
941,788,2024-07-03,Desktop,West Kevinberg
1160,789,2024-10-08,Tablet,Port Brianshire
964,790,2021-06-20,Web,Knoxton
1450,791,2022-06-16,Desktop,New Josephhaven
421,792,2023-05-01,Android,New Ashley
1162,793,2023-12-21,Web,Kaylamouth
1406,794,2022-06-13,Tablet,Nathanmouth
1221,795,2023-10-02,Android,North Jasonhaven
1397,796,2023-03-16,Web,North Davidfort
32,797,2024-06-18,Desktop,Robertsmouth
483,798,2022-05-11,Android,Jakechester
332,799,2024-04-29,Web,East Adrianburgh
964,800,2020-12-07,Web,Jenniferport
479,801,2022-05-23,Desktop,South Rogerport
1470,802,2024-02-02,Android,North Dennisland
403,803,2021-06-26,Tablet,West Nataliemouth
1318,804,2025-08-01,iPhone,Glenberg
1424,805,2021-03-24,Web,New Shannonmouth
28,806,2020-12-24,Web,South Stacyside
485,807,2024-05-16,Tablet,Guerreromouth
459,808,2024-06-25,Web,Dakotabury
831,809,2020-03-22,Web,South Joseph
682,810,2022-09-02,iPhone,South Joshua
81,811,2024-07-04,Tablet,West Christian
523,812,2022-11-01,iPhone,South Patrick
683,813,2021-04-23,Tablet,Jessicaborough
502,814,2020-08-19,Desktop,Mariaton
1496,815,2022-04-29,Tablet,South Christopherview
932,816,2020-11-23,iPhone,Hensonville
31,817,2020-01-31,iPhone,West Maria
1403,818,2025-04-22,Tablet,Limouth
274,819,2021-10-08,Android,East Julie
1340,820,2023-04-23,Desktop,Zacharyhaven
1336,821,2025-04-14,iPhone,Samanthamouth
72,822,2021-04-24,iPhone,West Jameston
38,823,2021-08-14,Web,West Eric
543,824,2025-02-05,Android,Melindaburgh
1467,825,2022-08-14,iPhone,Penaville
129,826,2024-02-14,Desktop,South Charlene
470,827,2022-08-22,Desktop,Newmanton
132,828,2020-06-01,Web,New Janicetown
629,829,2023-06-17,iPhone,Elizabethhaven
1308,830,2023-01-04,Web,Port Mary
262,831,2020-05-17,Desktop,Thomasview
1247,832,2021-02-12,iPhone,Lake Brandonbury
1334,833,2023-06-24,Tablet,East Devin
944,834,2021-01-31,Tablet,Erikaview
248,835,2024-11-27,iPhone,North Sarah
779,836,2025-07-25,Android,Lisashire
1133,837,2021-07-31,Android,West Christopher
28,838,2023-05-13,iPhone,Lake Carolyn
1059,839,2026-01-21,Android,Laurenbury
1240,840,2021-02-13,Android,Virginiashire
380,841,2021-06-02,Tablet,Cruzshire
897,842,2023-04-05,iPhone,Ronaldfurt
4,843,2022-03-08,Android,West Maryside
176,844,2025-09-08,Tablet,Lake Hectorstad
978,845,2025-09-15,Web,West Aaronland
1476,846,2023-09-24,Tablet,Lake Angelaburgh
1366,847,2024-09-27,Android,Choiland
1393,848,2023-01-12,Desktop,East Earl
1307,849,2021-01-20,Tablet,Danastad
706,850,2020-05-30,iPhone,Hutchinsonmouth
259,851,2024-12-05,iPhone,Cartertown
1026,852,2023-11-26,Tablet,Jacksonville
332,853,2025-12-20,iPhone,South Nicolefurt
404,854,2021-07-15,Web,Kennethland
1265,855,2022-06-14,Android,New Joshua
425,856,2023-11-21,Web,South Samuelport
862,857,2020-05-12,Web,Port Melissa
526,858,2020-12-25,Tablet,East Antonioport
681,859,2026-03-24,iPhone,Goodside
531,860,2026-04-28,iPhone,Bakerfort
895,861,2024-11-12,Desktop,Aaronchester
114,862,2022-06-11,iPhone,Port Jeffreyborough
1409,863,2021-07-19,Android,South Courtneymouth
1035,864,2020-10-25,Tablet,Youngshire
1021,865,2021-10-20,Desktop,Laurashire
1096,866,2020-04-27,Desktop,West Thomas
757,867,2021-01-13,Desktop,Lindseytown
254,868,2021-11-04,Web,Jackshire
575,869,2021-10-02,Desktop,South Deanna
849,870,2021-02-16,Android,Nicoleborough
234,871,2024-10-01,Web,South Tyler
493,872,2020-02-24,Tablet,Michaelchester
423,873,2024-02-27,Web,Kathrynstad
1186,874,2024-02-13,Tablet,Richardsonview
190,875,2020-12-20,Tablet,New Rodney
468,876,2021-09-02,Web,Port Justinburgh
395,877,2021-11-10,Android,South Jamie
107,878,2025-03-13,Desktop,Veronicamouth
347,879,2021-04-14,iPhone,Johnsonview
617,880,2022-01-30,Web,East Kimberly
530,881,2020-11-07,Android,New Dylan
609,882,2021-11-23,Desktop,Millerstad
1186,883,2021-08-05,Desktop,Melaniemouth
167,884,2023-05-18,Android,New Maxside
848,885,2023-09-20,Tablet,New Michaelville
1031,886,2022-02-20,Android,Griffintown
265,887,2023-06-05,Desktop,New Tonyville
1079,888,2023-09-01,Android,Maxwellmouth
1118,889,2020-03-22,Tablet,Gonzalesview
141,890,2020-05-15,iPhone,Kyleside
532,891,2022-12-13,Tablet,Port Lukeshire
495,892,2025-12-15,iPhone,West Michaelfort
84,893,2023-09-24,Tablet,North Victoria
478,894,2021-05-19,Tablet,Johnsontown
1253,895,2020-01-10,iPhone,Port Franciscofort
1015,896,2024-01-22,Web,North Toni
1002,897,2024-06-30,Android,Pamelatown
475,898,2021-02-13,Android,Lake Meganstad
1261,899,2025-04-12,iPhone,Lake Laurafort
941,900,2022-08-12,Web,Sabrinamouth
736,901,2021-05-17,Android,Jamesberg
1210,902,2021-06-12,iPhone,Butlerborough
1141,903,2021-05-12,Web,North Donna
894,904,2020-11-17,iPhone,Denisechester
481,905,2022-08-14,Desktop,Johnsonhaven
563,906,2021-07-10,iPhone,Rachelview
240,907,2025-06-02,Desktop,Mercermouth
561,908,2022-04-01,Tablet,Mezabury
947,909,2023-12-07,Web,Millerton
967,910,2023-04-10,Web,Erinside
243,911,2021-10-18,Android,West Zachary
995,912,2021-08-18,Android,Lake Scott
256,913,2022-06-30,Desktop,East Brianna
1251,914,2023-09-09,iPhone,South Nicholas
750,915,2023-08-14,Tablet,Jonesmouth
590,916,2022-09-26,iPhone,West Thomasport
340,917,2023-01-30,Desktop,South Jaime
360,918,2024-06-30,Desktop,New Zachary
528,919,2024-05-15,Desktop,Loganchester
750,920,2024-05-22,iPhone,Kentton
166,921,2022-07-28,Android,New Scottside
959,922,2024-02-12,Tablet,Williamsland
325,923,2022-09-25,Web,Lake Charlesland
90,924,2020-06-29,Desktop,Richardchester
1019,925,2020-12-07,Web,New Matthewmouth
888,926,2020-11-29,Desktop,Jenniferbury
607,927,2024-11-18,Desktop,Williamsborough
1060,928,2022-03-22,Android,Traceyfort
834,929,2024-02-07,Android,Alvaradoborough
512,930,2021-12-25,iPhone,East Lisa
85,931,2023-01-19,Web,Hernandezstad
1387,932,2024-08-07,Android,Coreyview
590,933,2020-01-28,Web,New Brett
999,934,2025-12-18,Web,West Stephenhaven
93,935,2022-06-01,Android,Leeburgh
900,936,2023-05-22,Tablet,Dyerton
327,937,2023-03-14,Android,East Phillip
1431,938,2023-03-16,Desktop,Michaelfort
462,939,2024-09-23,Android,Sharonburgh
556,940,2023-02-13,Web,Christensenside
1406,941,2020-04-29,Desktop,Kramerport
604,942,2022-07-13,Tablet,New Michaelville
814,943,2024-04-06,Desktop,Hallhaven
708,944,2021-10-03,Desktop,New Matthew
1444,945,2021-02-07,iPhone,Nicholasfort
990,946,2020-08-03,Desktop,Kylehaven
1083,947,2026-01-09,Desktop,South Melissa
992,948,2020-03-01,iPhone,Anthonyhaven
1183,949,2023-08-22,Web,Michelleton
45,950,2020-10-28,iPhone,South Aaronhaven
135,951,2020-03-18,iPhone,Rachelview
255,952,2020-09-19,Tablet,Reedmouth
918,953,2023-09-23,Android,Port Kyle
1454,954,2020-08-22,Tablet,Jordanstad
1195,955,2024-11-13,Android,South Jonathan
1158,956,2025-12-05,Android,West Brandonfurt
832,957,2020-09-12,Android,Lake Angela
1164,958,2025-06-21,Android,South Josephstad
322,959,2024-02-09,Desktop,Sarahton
1285,960,2024-06-04,Web,North Heather
650,961,2023-06-08,Android,Mackville
1198,962,2020-07-29,Desktop,Port Jamie
586,963,2022-12-11,iPhone,Morganmouth
410,964,2023-08-13,Android,Jamesberg
606,965,2024-05-01,Desktop,East Christophermouth
81,966,2025-03-18,iPhone,Courtneybury
1467,967,2025-08-03,iPhone,Lake Sharonborough
858,968,2020-07-30,Desktop,Kyleside
442,969,2024-12-11,iPhone,Banksberg
368,970,2024-04-19,Android,Johnsonport
1495,971,2024-05-02,Web,South Michael
334,972,2025-01-09,Desktop,Christyville
805,973,2025-04-25,Desktop,Gibsonfort
365,974,2023-12-12,Web,Chaneyport
1232,975,2021-04-22,Web,West Ray
672,976,2024-04-21,Tablet,Kimberlybury
69,977,2025-09-13,iPhone,Jesseville
622,978,2020-03-08,Desktop,Hansonchester
874,979,2024-12-27,Web,Grayland
293,980,2020-08-18,Android,Melissaburgh
541,981,2025-05-25,Desktop,South Crystalfurt
555,982,2025-08-09,Tablet,Harrisland
827,983,2021-07-02,Web,South Ashleychester
402,984,2024-03-05,Android,New Jesseland
1379,985,2024-03-11,Web,Turnermouth
770,986,2020-04-10,Tablet,East Brian
262,987,2022-12-05,Web,South Angela
473,988,2023-04-07,Web,Larafort
1436,989,2024-01-16,Desktop,North Tylershire
1206,990,2025-10-02,Tablet,North Anthony
69,991,2021-10-03,Tablet,Lake Tracieton
779,992,2024-07-24,Android,Janeport
1081,993,2022-10-25,iPhone,Port David
277,994,2025-02-16,Android,Lake David
166,995,2024-04-23,iPhone,Turnerport
1296,996,2023-10-21,Tablet,New Seth
1295,997,2021-04-20,Desktop,Donaldside
1304,998,2022-02-25,iPhone,Michelleton
526,999,2025-03-28,Android,South Shanehaven
33,1000,2024-03-31,Tablet,Micheletown
