song_id,titulo,duracion,fecha_lanzamiento,popularidad,idiomas
1,finally,2.85,2021-12-31,35,"english,spanish"
2,pick,4.3,2025-12-05,72,"english,spanish"
3,case,3.59,2024-06-13,38,"english,spanish"
4,responsibility,2.41,2023-11-08,19,"english,spanish"
5,success,3.83,2022-04-14,15,"english,spanish"
6,rock,2.63,2025-11-24,39,"english,spanish"
7,wide,2.98,2025-05-27,93,"english,spanish"
8,beyond,3.2,2024-10-16,13,"english,spanish"
9,hour,2.09,2023-01-01,33,"english,spanish"
10,throughout,3.91,2024-06-15,40,"english,spanish"
11,culture,3.78,2022-03-11,94,"english,spanish"
12,what,4.65,2022-03-30,85,"english,spanish"
13,common,3.42,2021-01-10,55,"english,spanish"
14,especially,4.1,2020-07-23,6,"english,spanish"
15,member,2.62,2025-06-28,38,"english,spanish"
16,but,3.21,2021-03-17,33,"english,spanish"
17,show,3.77,2020-10-24,81,"english,spanish"
18,prove,4.84,2020-03-15,28,"english,spanish"
19,parent,4.33,2023-08-27,87,"english,spanish"
20,front,3.71,2021-05-21,61,"english,spanish"
21,and,3.9,2021-01-19,65,"english,spanish"
22,politics,2.4,2023-04-23,18,"english,spanish"
23,my,4.27,2021-08-04,35,"english,spanish"
24,perhaps,2.71,2025-05-24,46,"english,spanish"
25,she,3.77,2022-07-12,79,"english,spanish"
26,join,4.18,2021-11-06,99,"english,spanish"
27,entire,2.06,2024-11-12,23,"english,spanish"
28,leave,3.16,2022-10-08,42,"english,spanish"
29,they,2.74,2020-08-22,28,"english,spanish"
30,structure,3.47,2025-04-12,76,"english,spanish"
31,story,3.56,2021-09-02,54,"english,spanish"
32,must,4.77,2023-06-04,53,"english,spanish"
33,PM,3.67,2021-10-18,85,"english,spanish"
34,successful,4.88,2022-07-08,74,"english,spanish"
35,reflect,3.06,2020-12-29,36,"english,spanish"
36,Mrs,3.58,2023-11-05,49,"english,spanish"
37,deep,2.58,2023-03-05,98,"english,spanish"
38,edge,2.0,2024-02-10,80,"english,spanish"
39,own,4.07,2022-11-12,48,"english,spanish"
40,step,3.52,2024-06-21,16,"english,spanish"
41,discussion,3.64,2022-06-30,60,"english,spanish"
42,fire,2.73,2022-04-11,59,"english,spanish"
43,order,3.61,2024-09-23,1,"english,spanish"
44,teacher,2.19,2026-03-30,49,"english,spanish"
45,memory,2.71,2025-05-01,24,"english,spanish"
46,sometimes,2.03,2026-01-29,7,"english,spanish"
47,machine,4.0,2024-11-08,92,"english,spanish"
48,however,3.04,2020-05-21,62,"english,spanish"
49,magazine,2.53,2023-02-14,45,"english,spanish"
50,red,3.77,2023-06-04,62,"english,spanish"
51,movement,2.93,2021-12-20,72,"english,spanish"
52,west,2.2,2022-07-09,81,"english,spanish"
53,deep,4.9,2025-01-26,5,"english,spanish"
54,central,4.25,2022-09-04,90,"english,spanish"
55,price,4.86,2024-07-04,13,"english,spanish"
56,idea,2.61,2023-11-22,93,"english,spanish"
57,president,2.59,2020-12-18,43,"english,spanish"
58,address,3.83,2022-02-07,30,"english,spanish"
59,treatment,3.76,2020-01-13,93,"english,spanish"
60,south,3.03,2021-08-05,9,"english,spanish"
61,girl,4.5,2024-12-03,96,"english,spanish"
62,his,3.97,2020-03-31,25,"english,spanish"
63,know,2.93,2023-06-16,71,"english,spanish"
64,herself,4.5,2021-11-28,41,"english,spanish"
65,get,3.75,2024-07-22,95,"english,spanish"
66,adult,3.98,2025-08-24,27,"english,spanish"
67,as,3.04,2020-01-07,66,"english,spanish"
68,popular,3.24,2022-06-01,29,"english,spanish"
69,ok,3.99,2023-02-11,32,"english,spanish"
70,affect,4.93,2025-12-22,2,"english,spanish"
71,evidence,4.33,2023-01-12,45,"english,spanish"
72,put,2.42,2023-04-11,83,"english,spanish"
73,hard,3.05,2020-12-25,14,"english,spanish"
74,head,2.05,2021-04-08,83,"english,spanish"
75,husband,4.51,2020-11-16,22,"english,spanish"
76,for,4.76,2023-07-25,2,"english,spanish"
77,pressure,3.8,2025-12-13,4,"english,spanish"
78,appear,3.36,2025-03-03,25,"english,spanish"
79,fact,2.5,2025-06-03,70,"english,spanish"
80,a,4.66,2021-01-11,1,"english,spanish"
81,successful,3.14,2024-09-03,70,"english,spanish"
82,media,3.09,2023-12-01,4,"english,spanish"
83,consider,3.16,2022-08-30,24,"english,spanish"
84,program,4.44,2021-11-23,69,"english,spanish"
85,minute,4.11,2021-07-14,72,"english,spanish"
86,idea,2.0,2024-10-07,53,"english,spanish"
87,skin,2.53,2021-01-27,10,"english,spanish"
88,audience,3.21,2024-09-02,3,"english,spanish"
89,story,4.11,2022-05-14,11,"english,spanish"
90,town,3.49,2020-07-06,71,"english,spanish"
91,as,2.21,2023-12-05,55,"english,spanish"
92,hot,4.04,2020-11-17,30,"english,spanish"
93,between,2.15,2022-08-17,71,"english,spanish"
94,save,3.98,2022-09-29,54,"english,spanish"
95,economy,3.12,2021-05-12,8,"english,spanish"
96,interest,3.78,2026-04-11,58,"english,spanish"
97,inside,2.71,2020-05-23,66,"english,spanish"
98,city,2.4,2025-10-25,16,"english,spanish"
99,under,3.76,2023-05-17,28,"english,spanish"
100,dog,2.22,2026-01-15,5,"english,spanish"
101,century,4.71,2025-03-09,61,"english,spanish"
102,way,2.99,2025-11-18,80,"english,spanish"
103,world,4.25,2021-09-17,100,"english,spanish"
104,available,4.84,2024-04-01,66,"english,spanish"
105,sister,3.49,2026-02-02,55,"english,spanish"
106,although,2.18,2023-06-16,77,"english,spanish"
107,sea,3.11,2021-12-22,4,"english,spanish"
108,forget,4.11,2020-07-13,58,"english,spanish"
109,traditional,3.6,2023-08-13,47,"english,spanish"
110,somebody,3.02,2020-09-16,67,"english,spanish"
111,Mr,3.01,2020-04-27,17,"english,spanish"
112,cut,4.02,2022-05-15,30,"english,spanish"
113,me,4.03,2023-06-08,11,"english,spanish"
114,soldier,3.77,2020-05-01,1,"english,spanish"
115,agree,3.79,2021-05-24,53,"english,spanish"
116,ball,4.65,2023-04-27,50,"english,spanish"
117,respond,3.23,2023-06-26,37,"english,spanish"
118,bank,3.52,2021-08-19,90,"english,spanish"
119,one,4.9,2020-09-01,84,"english,spanish"
120,value,4.34,2025-04-06,55,"english,spanish"
121,go,4.57,2022-10-21,28,"english,spanish"
122,return,3.54,2022-12-23,46,"english,spanish"
123,quite,4.88,2023-10-13,15,"english,spanish"
124,fill,2.3,2023-02-02,67,"english,spanish"
125,study,2.08,2020-03-26,25,"english,spanish"
126,lay,4.44,2020-04-17,70,"english,spanish"
127,my,4.42,2020-09-23,100,"english,spanish"
128,especially,4.48,2023-10-20,34,"english,spanish"
129,century,2.41,2021-04-07,53,"english,spanish"
130,under,2.59,2025-05-25,60,"english,spanish"
131,middle,3.15,2024-01-20,1,"english,spanish"
132,attorney,2.74,2022-11-26,37,"english,spanish"
133,baby,3.25,2020-06-11,20,"english,spanish"
134,break,2.92,2023-05-26,92,"english,spanish"
135,fire,3.67,2020-05-25,86,"english,spanish"
136,property,3.42,2023-01-16,66,"english,spanish"
137,charge,2.4,2025-03-22,54,"english,spanish"
138,suggest,4.12,2020-12-25,94,"english,spanish"
139,capital,4.6,2021-08-04,82,"english,spanish"
140,manager,3.52,2025-05-04,85,"english,spanish"
141,decade,4.41,2020-04-23,31,"english,spanish"
142,security,4.47,2025-08-03,24,"english,spanish"
143,person,3.63,2020-04-11,23,"english,spanish"
144,whatever,3.88,2022-09-01,48,"english,spanish"
145,miss,4.66,2024-12-19,54,"english,spanish"
146,major,4.48,2025-04-19,3,"english,spanish"
147,against,2.73,2021-01-13,51,"english,spanish"
148,return,2.21,2022-09-04,10,"english,spanish"
149,also,2.22,2025-06-15,82,"english,spanish"
150,edge,2.72,2023-09-04,19,"english,spanish"
151,first,3.67,2022-02-26,22,"english,spanish"
152,trade,3.7,2021-03-07,96,"english,spanish"
153,stock,4.6,2021-12-21,58,"english,spanish"
154,rather,4.89,2021-01-04,5,"english,spanish"
155,several,4.54,2021-04-26,34,"english,spanish"
156,owner,4.78,2022-09-05,55,"english,spanish"
157,art,4.38,2022-11-18,21,"english,spanish"
158,relationship,3.08,2023-12-23,49,"english,spanish"
159,more,2.28,2022-01-29,3,"english,spanish"
160,small,3.28,2022-03-06,59,"english,spanish"
161,mind,4.72,2020-02-03,23,"english,spanish"
162,region,3.2,2021-06-17,4,"english,spanish"
163,kitchen,3.43,2021-12-03,83,"english,spanish"
164,behind,3.82,2024-03-22,52,"english,spanish"
165,food,2.29,2021-10-21,24,"english,spanish"
166,hair,4.13,2025-04-26,12,"english,spanish"
167,other,3.05,2020-01-02,64,"english,spanish"
168,morning,3.02,2025-01-02,47,"english,spanish"
169,drive,3.18,2025-10-09,81,"english,spanish"
170,face,4.71,2025-03-25,45,"english,spanish"
171,local,4.87,2022-02-12,88,"english,spanish"
172,baby,2.24,2022-09-29,28,"english,spanish"
173,prevent,3.12,2022-07-30,82,"english,spanish"
174,college,3.24,2025-06-05,29,"english,spanish"
175,effect,3.34,2024-12-12,65,"english,spanish"
176,wife,3.56,2024-01-25,55,"english,spanish"
177,range,3.7,2025-07-29,72,"english,spanish"
178,strong,3.5,2025-12-28,31,"english,spanish"
179,two,3.2,2020-07-07,9,"english,spanish"
180,computer,3.02,2025-07-18,80,"english,spanish"
181,act,4.72,2024-04-21,3,"english,spanish"
182,cell,2.42,2025-02-28,14,"english,spanish"
183,ability,2.51,2024-03-15,92,"english,spanish"
184,may,4.9,2020-08-06,98,"english,spanish"
185,eye,2.0,2024-07-04,68,"english,spanish"
186,probably,2.36,2025-03-01,71,"english,spanish"
187,head,3.91,2025-07-14,1,"english,spanish"
188,college,3.54,2023-08-23,99,"english,spanish"
189,member,2.82,2025-12-21,92,"english,spanish"
190,way,3.25,2020-10-15,66,"english,spanish"
191,spend,2.93,2020-10-15,85,"english,spanish"
192,size,2.8,2023-01-27,13,"english,spanish"
193,difficult,4.04,2025-04-20,55,"english,spanish"
194,wait,2.69,2022-09-20,54,"english,spanish"
195,tough,5.0,2025-06-23,47,"english,spanish"
196,military,2.21,2025-06-14,64,"english,spanish"
197,exactly,4.6,2022-01-25,48,"english,spanish"
198,begin,4.8,2022-10-09,57,"english,spanish"
199,fill,3.9,2021-03-24,45,"english,spanish"
200,mind,3.47,2022-10-25,8,"english,spanish"
201,yourself,2.99,2023-10-28,38,"english,spanish"
202,ability,4.8,2022-04-17,47,"english,spanish"
203,strong,4.98,2023-11-15,61,"english,spanish"
204,week,2.33,2023-11-25,68,"english,spanish"
205,fire,4.07,2025-07-11,96,"english,spanish"
206,mission,4.1,2024-01-27,58,"english,spanish"
207,watch,2.99,2025-08-15,49,"english,spanish"
208,serve,3.59,2024-09-03,41,"english,spanish"
209,worry,4.75,2022-09-06,45,"english,spanish"
210,bed,3.45,2022-07-03,86,"english,spanish"
211,experience,3.46,2020-02-25,84,"english,spanish"
212,computer,4.55,2024-10-23,21,"english,spanish"
213,cup,2.56,2020-10-03,90,"english,spanish"
214,free,2.88,2020-03-21,30,"english,spanish"
215,six,2.51,2020-03-26,47,"english,spanish"
216,according,2.78,2023-04-06,26,"english,spanish"
217,rather,2.31,2020-12-18,59,"english,spanish"
218,member,2.01,2023-09-22,19,"english,spanish"
219,man,2.72,2022-07-13,6,"english,spanish"
220,somebody,2.43,2026-04-27,41,"english,spanish"
221,protect,4.62,2021-10-26,88,"english,spanish"
222,challenge,3.48,2020-06-06,59,"english,spanish"
223,remain,2.79,2024-03-13,90,"english,spanish"
224,establish,3.73,2025-09-26,19,"english,spanish"
225,commercial,3.23,2023-04-12,23,"english,spanish"
226,mean,4.86,2020-11-15,86,"english,spanish"
227,economic,4.84,2025-03-03,53,"english,spanish"
228,citizen,3.98,2022-04-06,17,"english,spanish"
229,language,4.62,2021-12-25,33,"english,spanish"
230,region,3.08,2026-03-31,19,"english,spanish"
231,now,3.17,2021-04-14,9,"english,spanish"
232,another,3.64,2020-06-09,69,"english,spanish"
233,claim,3.4,2023-05-06,27,"english,spanish"
234,box,2.5,2025-08-30,81,"english,spanish"
235,general,2.08,2024-09-04,5,"english,spanish"
236,near,2.29,2025-06-15,61,"english,spanish"
237,stop,4.64,2025-08-28,49,"english,spanish"
238,myself,2.23,2024-04-02,93,"english,spanish"
239,school,3.04,2023-03-04,25,"english,spanish"
240,over,2.88,2022-05-11,12,"english,spanish"
241,police,3.05,2020-08-29,9,"english,spanish"
242,field,4.73,2024-08-10,64,"english,spanish"
243,role,2.83,2021-08-30,25,"english,spanish"
244,evidence,2.92,2021-05-05,14,"english,spanish"
245,art,4.52,2022-02-26,81,"english,spanish"
246,entire,4.26,2022-06-09,43,"english,spanish"
247,some,3.84,2022-05-16,93,"english,spanish"
248,rest,2.71,2020-11-02,70,"english,spanish"
249,edge,4.27,2022-01-17,79,"english,spanish"
250,result,3.33,2025-05-03,1,"english,spanish"
251,use,2.58,2020-11-16,94,"english,spanish"
252,enough,4.28,2023-07-03,95,"english,spanish"
253,less,3.98,2026-04-16,7,"english,spanish"
254,just,2.61,2023-06-07,17,"english,spanish"
255,radio,4.64,2023-04-17,93,"english,spanish"
256,statement,2.3,2020-05-02,80,"english,spanish"
257,enter,4.06,2023-06-09,51,"english,spanish"
258,cell,3.06,2026-04-28,47,"english,spanish"
259,speech,4.74,2025-12-08,97,"english,spanish"
260,official,2.86,2020-04-28,64,"english,spanish"
261,campaign,3.86,2025-12-23,19,"english,spanish"
262,eight,2.28,2026-03-24,61,"english,spanish"
263,usually,3.41,2022-11-13,10,"english,spanish"
264,teacher,3.16,2020-12-12,1,"english,spanish"
265,trouble,2.25,2023-07-21,33,"english,spanish"
266,author,3.87,2024-10-27,23,"english,spanish"
267,wall,2.48,2020-06-23,44,"english,spanish"
268,one,2.85,2021-06-15,3,"english,spanish"
269,serve,2.35,2023-07-20,26,"english,spanish"
270,not,2.59,2021-06-04,46,"english,spanish"
271,my,3.25,2025-07-27,44,"english,spanish"
272,fear,3.4,2021-08-30,22,"english,spanish"
273,white,2.49,2025-02-24,39,"english,spanish"
274,local,4.55,2025-09-15,26,"english,spanish"
275,want,2.56,2020-04-24,68,"english,spanish"
276,great,3.11,2025-12-28,55,"english,spanish"
277,statement,3.5,2022-02-19,53,"english,spanish"
278,fund,4.63,2022-09-03,23,"english,spanish"
279,play,3.09,2022-08-23,54,"english,spanish"
280,several,3.53,2022-01-11,79,"english,spanish"
281,easy,4.43,2020-09-09,15,"english,spanish"
282,trouble,2.01,2026-01-22,13,"english,spanish"
283,old,3.76,2024-07-30,39,"english,spanish"
284,side,4.04,2024-06-13,64,"english,spanish"
285,defense,2.34,2021-08-13,96,"english,spanish"
286,letter,3.1,2021-07-14,40,"english,spanish"
287,one,4.83,2020-09-04,42,"english,spanish"
288,industry,4.67,2021-01-06,23,"english,spanish"
289,measure,3.18,2020-06-13,16,"english,spanish"
290,those,2.35,2022-01-21,44,"english,spanish"
291,buy,3.92,2023-09-07,45,"english,spanish"
292,management,3.01,2020-10-21,66,"english,spanish"
293,Democrat,3.91,2020-11-05,67,"english,spanish"
294,here,2.29,2024-01-26,29,"english,spanish"
295,suddenly,4.23,2024-08-31,31,"english,spanish"
296,myself,2.16,2025-05-08,22,"english,spanish"
297,cell,4.37,2022-03-30,9,"english,spanish"
298,effect,3.13,2026-03-23,56,"english,spanish"
299,administration,3.62,2025-03-09,59,"english,spanish"
300,strong,4.35,2023-09-18,15,"english,spanish"
301,special,2.69,2020-05-01,96,"english,spanish"
302,nation,3.0,2022-11-26,32,"english,spanish"
303,simply,3.71,2022-08-10,30,"english,spanish"
304,message,3.63,2023-04-24,51,"english,spanish"
305,material,2.42,2026-03-06,35,"english,spanish"
306,wonder,3.36,2025-01-22,100,"english,spanish"
307,however,4.62,2023-02-03,23,"english,spanish"
308,choose,2.99,2025-01-17,53,"english,spanish"
309,through,2.94,2021-01-04,81,"english,spanish"
310,member,2.07,2020-04-14,14,"english,spanish"
311,why,2.99,2026-03-11,38,"english,spanish"
312,strategy,3.17,2023-11-08,78,"english,spanish"
313,sit,4.33,2023-08-25,80,"english,spanish"
314,off,4.16,2021-11-25,76,"english,spanish"
315,more,2.49,2024-01-08,51,"english,spanish"
316,north,3.61,2025-03-29,35,"english,spanish"
317,will,3.16,2024-02-18,67,"english,spanish"
318,institution,4.45,2021-05-21,60,"english,spanish"
319,fly,3.7,2020-10-16,49,"english,spanish"
320,television,2.72,2024-05-05,58,"english,spanish"
321,race,4.89,2025-06-06,19,"english,spanish"
322,scientist,3.45,2020-03-12,6,"english,spanish"
323,system,3.94,2024-12-25,61,"english,spanish"
324,end,3.81,2024-07-04,70,"english,spanish"
325,process,2.65,2023-01-17,42,"english,spanish"
326,effect,4.67,2022-06-11,12,"english,spanish"
327,sea,3.5,2020-03-05,5,"english,spanish"
328,marriage,3.94,2020-05-12,79,"english,spanish"
329,somebody,4.39,2023-10-27,88,"english,spanish"
330,you,4.52,2020-05-17,12,"english,spanish"
331,economic,4.25,2025-08-30,65,"english,spanish"
332,front,2.89,2025-12-28,69,"english,spanish"
333,four,2.38,2022-07-08,75,"english,spanish"
334,likely,3.22,2020-11-28,59,"english,spanish"
335,close,3.66,2022-05-25,53,"english,spanish"
336,out,3.81,2020-06-05,51,"english,spanish"
337,three,3.18,2025-08-16,97,"english,spanish"
338,yard,3.7,2022-08-30,69,"english,spanish"
339,necessary,2.95,2026-04-27,81,"english,spanish"
340,idea,2.22,2021-12-13,44,"english,spanish"
341,deep,3.19,2024-10-09,77,"english,spanish"
342,leave,4.84,2023-03-22,58,"english,spanish"
343,religious,3.8,2022-08-27,73,"english,spanish"
344,before,2.83,2022-06-01,75,"english,spanish"
345,good,4.22,2020-07-08,69,"english,spanish"
346,someone,4.49,2024-11-22,28,"english,spanish"
347,fine,3.25,2021-12-13,7,"english,spanish"
348,run,3.33,2021-07-18,56,"english,spanish"
349,population,2.04,2020-04-07,72,"english,spanish"
350,official,2.83,2022-07-02,88,"english,spanish"
351,purpose,4.35,2020-09-27,9,"english,spanish"
352,beat,2.58,2024-06-06,100,"english,spanish"
353,ok,4.01,2024-07-16,8,"english,spanish"
354,because,4.55,2021-02-08,26,"english,spanish"
355,week,4.43,2024-10-06,98,"english,spanish"
356,sit,2.23,2024-11-27,26,"english,spanish"
357,notice,2.75,2025-03-15,61,"english,spanish"
358,church,3.54,2022-04-03,8,"english,spanish"
359,safe,3.2,2023-01-07,82,"english,spanish"
360,south,2.04,2023-01-23,35,"english,spanish"
361,shake,3.23,2024-10-17,47,"english,spanish"
362,money,3.86,2024-12-01,78,"english,spanish"
363,church,2.23,2021-01-23,84,"english,spanish"
364,maybe,4.64,2024-01-04,34,"english,spanish"
365,size,4.98,2024-01-02,22,"english,spanish"
366,between,2.97,2021-05-09,98,"english,spanish"
367,specific,3.91,2024-12-05,59,"english,spanish"
368,class,2.39,2020-01-21,2,"english,spanish"
369,need,4.52,2022-03-27,48,"english,spanish"
370,long,4.47,2020-12-29,3,"english,spanish"
371,source,3.33,2023-11-07,58,"english,spanish"
372,painting,2.66,2025-03-16,89,"english,spanish"
373,base,3.99,2020-07-13,85,"english,spanish"
374,far,2.51,2021-11-26,58,"english,spanish"
375,drug,4.65,2026-03-28,2,"english,spanish"
376,fall,2.85,2022-10-08,22,"english,spanish"
377,American,2.04,2020-07-13,67,"english,spanish"
378,town,4.15,2024-01-09,90,"english,spanish"
379,rise,3.74,2022-07-25,61,"english,spanish"
380,its,3.56,2025-06-21,13,"english,spanish"
381,get,2.53,2026-03-20,60,"english,spanish"
382,I,2.61,2023-12-05,42,"english,spanish"
383,involve,2.93,2020-09-28,74,"english,spanish"
384,western,2.52,2022-05-20,32,"english,spanish"
385,themselves,3.39,2025-01-30,30,"english,spanish"
386,the,2.7,2021-06-28,2,"english,spanish"
387,interview,4.69,2023-12-20,11,"english,spanish"
388,floor,4.39,2025-02-20,7,"english,spanish"
389,box,3.5,2023-09-27,38,"english,spanish"
390,for,2.11,2022-09-18,50,"english,spanish"
391,law,2.06,2024-06-05,86,"english,spanish"
392,follow,2.15,2022-03-13,16,"english,spanish"
393,firm,2.59,2020-05-07,64,"english,spanish"
394,animal,4.55,2020-02-17,25,"english,spanish"
395,between,4.09,2022-01-01,6,"english,spanish"
396,address,4.36,2022-02-22,23,"english,spanish"
397,machine,4.8,2020-02-01,9,"english,spanish"
398,house,4.81,2022-08-25,59,"english,spanish"
399,cost,4.49,2025-09-24,42,"english,spanish"
400,wall,2.06,2023-06-28,75,"english,spanish"
401,less,2.93,2021-04-13,35,"english,spanish"
402,four,4.1,2023-03-11,76,"english,spanish"
403,still,4.58,2021-11-14,64,"english,spanish"
404,remember,4.38,2023-04-01,64,"english,spanish"
405,send,4.71,2020-08-05,79,"english,spanish"
406,send,4.22,2020-08-08,73,"english,spanish"
407,clear,3.35,2026-01-04,5,"english,spanish"
408,much,2.75,2021-02-26,32,"english,spanish"
409,position,3.35,2025-03-01,29,"english,spanish"
410,later,4.95,2025-01-13,98,"english,spanish"
411,throw,4.55,2024-09-01,93,"english,spanish"
412,evening,3.12,2020-03-30,87,"english,spanish"
413,out,4.44,2020-01-26,13,"english,spanish"
414,cultural,4.76,2025-06-29,60,"english,spanish"
415,spend,3.91,2021-03-24,9,"english,spanish"
416,catch,5.0,2023-03-07,52,"english,spanish"
417,administration,4.11,2022-09-08,73,"english,spanish"
418,important,2.09,2022-05-02,27,"english,spanish"
419,write,2.25,2024-05-19,41,"english,spanish"
420,manager,2.49,2022-10-02,43,"english,spanish"
421,return,3.96,2021-08-14,4,"english,spanish"
422,goal,4.39,2020-01-13,98,"english,spanish"
423,American,3.1,2026-04-18,89,"english,spanish"
424,edge,2.31,2023-12-20,14,"english,spanish"
425,maintain,3.69,2025-02-14,11,"english,spanish"
426,lot,2.06,2020-05-06,74,"english,spanish"
427,free,4.15,2025-05-20,12,"english,spanish"
428,season,3.04,2024-03-18,2,"english,spanish"
429,somebody,2.29,2023-05-22,81,"english,spanish"
430,sister,3.43,2020-06-25,4,"english,spanish"
431,improve,4.85,2025-07-24,52,"english,spanish"
432,particularly,4.4,2022-09-25,80,"english,spanish"
433,produce,4.04,2020-12-22,98,"english,spanish"
434,daughter,4.13,2023-07-02,27,"english,spanish"
435,respond,2.11,2021-08-20,40,"english,spanish"
436,movement,2.78,2023-04-28,20,"english,spanish"
437,than,2.94,2022-04-05,58,"english,spanish"
438,size,2.91,2020-08-03,83,"english,spanish"
439,player,2.42,2024-04-22,46,"english,spanish"
440,mention,4.13,2020-12-23,32,"english,spanish"
441,bring,4.12,2024-07-29,97,"english,spanish"
442,recognize,4.53,2023-06-03,73,"english,spanish"
443,each,2.51,2023-02-05,62,"english,spanish"
444,every,3.1,2024-07-19,57,"english,spanish"
445,really,3.81,2022-05-11,46,"english,spanish"
446,despite,3.79,2021-05-24,38,"english,spanish"
447,child,4.55,2020-07-20,46,"english,spanish"
448,face,2.27,2025-07-02,24,"english,spanish"
449,country,2.7,2025-10-22,61,"english,spanish"
450,stock,4.39,2025-09-02,75,"english,spanish"
451,guess,2.63,2020-06-04,39,"english,spanish"
452,work,3.32,2021-11-29,45,"english,spanish"
453,simple,3.96,2024-09-09,66,"english,spanish"
454,ago,2.05,2025-04-12,28,"english,spanish"
455,call,3.21,2021-10-14,76,"english,spanish"
456,send,4.57,2025-06-26,90,"english,spanish"
457,explain,3.37,2022-01-11,89,"english,spanish"
458,traditional,4.57,2020-07-03,9,"english,spanish"
459,ahead,2.61,2024-12-03,62,"english,spanish"
460,scene,4.66,2023-02-24,36,"english,spanish"
461,artist,4.97,2023-05-05,46,"english,spanish"
462,generation,2.2,2024-04-17,49,"english,spanish"
463,difference,3.72,2025-06-17,20,"english,spanish"
464,foot,4.59,2020-06-21,71,"english,spanish"
465,ground,4.63,2023-06-12,80,"english,spanish"
466,about,3.42,2022-11-11,86,"english,spanish"
467,eat,3.03,2021-06-20,95,"english,spanish"
468,area,4.08,2026-02-11,61,"english,spanish"
469,financial,3.76,2022-02-08,47,"english,spanish"
470,local,2.45,2021-09-26,57,"english,spanish"
471,bring,4.12,2021-01-12,94,"english,spanish"
472,organization,3.08,2021-11-24,62,"english,spanish"
473,training,3.83,2022-08-09,45,"english,spanish"
474,throughout,3.79,2021-11-06,28,"english,spanish"
475,add,4.08,2023-04-30,64,"english,spanish"
476,against,3.2,2025-01-14,55,"english,spanish"
477,outside,4.34,2025-03-23,51,"english,spanish"
478,break,4.99,2023-12-16,1,"english,spanish"
479,gun,3.95,2021-08-11,80,"english,spanish"
480,these,2.51,2025-10-18,78,"english,spanish"
481,practice,2.5,2022-05-23,51,"english,spanish"
482,impact,4.82,2020-06-11,96,"english,spanish"
483,gun,2.49,2020-01-17,5,"english,spanish"
484,successful,4.18,2022-09-05,70,"english,spanish"
485,only,3.47,2022-03-06,53,"english,spanish"
486,establish,2.68,2021-10-01,58,"english,spanish"
487,civil,3.75,2022-01-22,51,"english,spanish"
488,finish,2.12,2021-12-19,79,"english,spanish"
489,own,4.38,2023-04-03,55,"english,spanish"
490,anything,3.45,2022-04-28,2,"english,spanish"
491,discuss,2.5,2020-12-20,70,"english,spanish"
492,exist,2.58,2026-03-08,61,"english,spanish"
493,language,3.05,2020-05-23,83,"english,spanish"
494,certainly,4.93,2022-02-18,68,"english,spanish"
495,miss,2.27,2025-09-09,92,"english,spanish"
496,rest,2.34,2025-06-04,77,"english,spanish"
497,commercial,3.99,2025-07-07,65,"english,spanish"
498,nearly,2.61,2021-07-31,14,"english,spanish"
499,miss,4.08,2021-07-26,73,"english,spanish"
500,her,2.6,2020-07-26,59,"english,spanish"
501,partner,2.29,2023-02-20,31,"english,spanish"
502,study,4.72,2021-04-30,45,"english,spanish"
503,relate,3.66,2024-04-01,100,"english,spanish"
504,worker,2.58,2022-04-28,70,"english,spanish"
505,drive,4.27,2023-10-19,34,"english,spanish"
506,toward,3.33,2026-03-15,79,"english,spanish"
507,once,4.62,2025-02-11,12,"english,spanish"
508,close,3.67,2024-05-12,9,"english,spanish"
509,its,2.34,2022-05-06,93,"english,spanish"
510,along,2.76,2021-12-17,54,"english,spanish"
511,page,4.92,2023-11-26,36,"english,spanish"
512,up,2.35,2024-11-27,74,"english,spanish"
513,themselves,2.5,2021-12-10,65,"english,spanish"
514,employee,2.25,2026-02-10,69,"english,spanish"
515,PM,4.04,2023-01-16,50,"english,spanish"
516,compare,4.51,2025-09-28,54,"english,spanish"
517,TV,4.96,2020-11-30,68,"english,spanish"
518,industry,3.42,2024-06-05,49,"english,spanish"
519,manage,3.3,2025-06-28,32,"english,spanish"
520,every,4.89,2021-06-02,98,"english,spanish"
521,hotel,4.84,2024-01-21,81,"english,spanish"
522,thing,4.34,2026-02-18,18,"english,spanish"
523,agree,3.27,2022-10-28,93,"english,spanish"
524,cold,2.19,2024-07-01,76,"english,spanish"
525,instead,4.88,2026-04-08,82,"english,spanish"
526,bill,4.51,2023-12-09,76,"english,spanish"
527,too,4.78,2021-01-20,4,"english,spanish"
528,difficult,4.37,2026-03-08,82,"english,spanish"
529,lawyer,2.95,2021-05-23,6,"english,spanish"
530,hope,4.85,2025-03-08,94,"english,spanish"
531,respond,3.6,2023-06-25,81,"english,spanish"
532,side,3.85,2022-05-12,2,"english,spanish"
533,brother,3.7,2021-04-21,83,"english,spanish"
534,worry,2.74,2021-08-25,30,"english,spanish"
535,fund,4.44,2021-02-26,48,"english,spanish"
536,security,3.45,2023-12-25,16,"english,spanish"
537,administration,4.93,2022-08-02,89,"english,spanish"
538,century,2.03,2021-02-08,53,"english,spanish"
539,to,3.87,2022-04-20,27,"english,spanish"
540,who,3.67,2024-09-15,36,"english,spanish"
541,heart,4.92,2022-12-10,94,"english,spanish"
542,drive,4.43,2025-07-15,23,"english,spanish"
543,these,4.69,2024-06-30,100,"english,spanish"
544,light,3.75,2022-03-29,91,"english,spanish"
545,important,3.64,2023-04-21,82,"english,spanish"
546,air,3.67,2024-06-05,50,"english,spanish"
547,where,4.55,2024-09-20,64,"english,spanish"
548,return,4.58,2026-01-19,41,"english,spanish"
549,push,3.88,2025-12-26,47,"english,spanish"
550,quite,2.29,2025-01-07,57,"english,spanish"
551,little,3.78,2020-12-19,6,"english,spanish"
552,entire,3.07,2022-01-03,78,"english,spanish"
553,so,2.33,2022-08-09,99,"english,spanish"
554,check,4.42,2024-05-20,90,"english,spanish"
555,degree,3.86,2024-07-30,72,"english,spanish"
556,successful,2.98,2024-07-12,47,"english,spanish"
557,she,3.89,2020-09-16,10,"english,spanish"
558,help,3.43,2022-09-12,22,"english,spanish"
559,light,2.5,2024-08-05,78,"english,spanish"
560,star,4.01,2024-10-27,9,"english,spanish"
561,man,2.73,2025-03-07,13,"english,spanish"
562,answer,2.94,2022-07-22,37,"english,spanish"
563,religious,4.14,2025-05-03,3,"english,spanish"
564,meet,4.44,2021-01-26,24,"english,spanish"
565,can,3.17,2021-07-12,49,"english,spanish"
566,work,4.37,2020-07-14,60,"english,spanish"
567,computer,3.25,2025-01-16,43,"english,spanish"
568,trip,2.31,2022-09-12,11,"english,spanish"
569,support,2.85,2020-01-08,96,"english,spanish"
570,home,3.75,2020-01-17,56,"english,spanish"
571,food,3.69,2021-06-10,34,"english,spanish"
572,seek,2.64,2025-11-04,51,"english,spanish"
573,half,4.82,2023-03-14,95,"english,spanish"
574,management,2.19,2022-02-03,38,"english,spanish"
575,assume,3.81,2022-10-17,45,"english,spanish"
576,stuff,2.54,2025-08-13,62,"english,spanish"
577,important,3.86,2025-01-24,23,"english,spanish"
578,ever,3.61,2022-01-18,88,"english,spanish"
579,mind,4.18,2023-07-19,48,"english,spanish"
580,cold,2.81,2023-12-20,34,"english,spanish"
581,simply,3.39,2023-12-20,58,"english,spanish"
582,cup,2.87,2021-12-04,4,"english,spanish"
583,back,3.47,2025-05-28,53,"english,spanish"
584,goal,3.79,2025-12-09,73,"english,spanish"
585,call,4.94,2025-09-07,79,"english,spanish"
586,everybody,2.42,2025-08-19,13,"english,spanish"
587,left,2.71,2023-10-22,51,"english,spanish"
588,former,4.42,2023-03-11,71,"english,spanish"
589,education,2.69,2023-01-29,63,"english,spanish"
590,political,2.16,2022-06-16,90,"english,spanish"
591,boy,3.48,2022-05-30,47,"english,spanish"
592,my,2.28,2020-08-17,42,"english,spanish"
593,treatment,2.81,2025-09-11,10,"english,spanish"
594,really,2.02,2021-10-27,98,"english,spanish"
595,good,3.72,2024-06-18,62,"english,spanish"
596,area,3.56,2025-02-03,89,"english,spanish"
597,no,4.47,2021-09-17,13,"english,spanish"
598,research,3.91,2020-03-30,2,"english,spanish"
599,white,3.47,2026-02-15,29,"english,spanish"
600,will,3.25,2022-03-14,98,"english,spanish"
601,no,2.39,2026-01-24,40,"english,spanish"
602,mother,3.69,2020-01-23,53,"english,spanish"
603,together,2.84,2022-07-20,58,"english,spanish"
604,use,3.26,2020-01-27,48,"english,spanish"
605,season,3.41,2023-08-21,87,"english,spanish"
606,style,3.74,2022-08-06,31,"english,spanish"
607,little,4.79,2022-10-31,60,"english,spanish"
608,present,3.66,2021-06-03,94,"english,spanish"
609,perhaps,3.71,2021-04-20,100,"english,spanish"
610,fall,4.01,2020-12-11,25,"english,spanish"
611,collection,4.22,2021-12-09,30,"english,spanish"
612,everything,2.53,2023-01-18,16,"english,spanish"
613,seat,2.08,2021-03-01,39,"english,spanish"
614,least,4.91,2025-11-04,43,"english,spanish"
615,pass,3.79,2021-05-30,95,"english,spanish"
616,year,4.75,2025-02-17,68,"english,spanish"
617,accept,4.6,2022-08-04,87,"english,spanish"
618,especially,3.94,2025-03-30,51,"english,spanish"
619,answer,3.92,2020-07-15,60,"english,spanish"
620,attention,3.38,2021-08-28,88,"english,spanish"
621,PM,2.55,2022-08-06,64,"english,spanish"
622,whose,2.35,2024-09-06,41,"english,spanish"
623,hand,2.43,2024-09-20,7,"english,spanish"
624,table,3.09,2023-12-04,74,"english,spanish"
625,individual,2.31,2022-08-28,18,"english,spanish"
626,notice,2.91,2021-10-11,67,"english,spanish"
627,one,4.71,2021-01-06,70,"english,spanish"
628,first,2.41,2021-11-01,63,"english,spanish"
629,leave,2.18,2025-11-26,96,"english,spanish"
630,year,4.65,2024-05-28,49,"english,spanish"
631,speech,2.13,2025-11-07,66,"english,spanish"
632,available,2.15,2023-07-31,93,"english,spanish"
633,near,4.22,2020-10-09,67,"english,spanish"
634,during,4.91,2025-12-28,78,"english,spanish"
635,baby,3.6,2024-09-13,9,"english,spanish"
636,soldier,2.96,2025-09-29,86,"english,spanish"
637,knowledge,2.32,2026-02-10,72,"english,spanish"
638,itself,3.74,2021-02-19,9,"english,spanish"
639,side,3.17,2022-12-22,91,"english,spanish"
640,official,2.15,2022-12-07,67,"english,spanish"
641,until,4.04,2022-05-23,5,"english,spanish"
642,sign,4.42,2022-02-24,4,"english,spanish"
643,respond,4.75,2020-01-12,76,"english,spanish"
644,everyone,3.06,2021-08-04,24,"english,spanish"
645,call,4.25,2022-08-28,11,"english,spanish"
646,practice,2.71,2021-09-03,43,"english,spanish"
647,when,4.68,2024-08-07,56,"english,spanish"
648,long,3.78,2022-10-11,10,"english,spanish"
649,bed,3.67,2020-10-16,48,"english,spanish"
650,number,2.31,2024-06-30,95,"english,spanish"
651,professor,2.8,2023-12-13,91,"english,spanish"
652,how,2.32,2023-01-27,7,"english,spanish"
653,unit,3.96,2023-03-13,92,"english,spanish"
654,director,3.32,2025-01-15,41,"english,spanish"
655,along,4.31,2021-09-28,48,"english,spanish"
656,floor,3.64,2024-09-27,30,"english,spanish"
657,miss,4.24,2020-07-02,43,"english,spanish"
658,have,4.02,2021-12-12,81,"english,spanish"
659,produce,4.22,2023-01-16,1,"english,spanish"
660,idea,2.99,2023-09-07,43,"english,spanish"
661,size,3.87,2025-11-11,91,"english,spanish"
662,end,4.87,2025-06-16,59,"english,spanish"
663,always,2.28,2020-04-15,26,"english,spanish"
664,collection,3.05,2021-07-10,62,"english,spanish"
665,sing,3.47,2020-02-06,68,"english,spanish"
666,suggest,4.33,2023-04-06,38,"english,spanish"
667,TV,4.79,2024-11-22,11,"english,spanish"
668,fact,2.62,2022-02-27,28,"english,spanish"
669,available,4.37,2020-07-16,91,"english,spanish"
670,watch,3.76,2020-01-04,85,"english,spanish"
671,history,2.69,2025-11-04,31,"english,spanish"
672,dog,3.14,2025-08-04,100,"english,spanish"
673,much,4.86,2022-02-09,6,"english,spanish"
674,order,4.01,2025-08-27,78,"english,spanish"
675,street,2.51,2023-09-17,93,"english,spanish"
676,city,3.09,2024-02-15,85,"english,spanish"
677,however,3.58,2026-02-12,98,"english,spanish"
678,top,3.88,2023-10-03,21,"english,spanish"
679,season,3.76,2024-09-14,20,"english,spanish"
680,ball,2.03,2026-04-03,78,"english,spanish"
681,night,4.88,2022-04-29,58,"english,spanish"
682,know,4.95,2021-09-17,72,"english,spanish"
683,approach,4.11,2021-10-26,8,"english,spanish"
684,to,4.34,2025-11-18,45,"english,spanish"
685,miss,4.06,2022-03-19,77,"english,spanish"
686,surface,3.06,2020-07-01,9,"english,spanish"
687,watch,4.83,2023-06-30,51,"english,spanish"
688,military,2.35,2020-11-08,31,"english,spanish"
689,alone,4.62,2022-04-27,11,"english,spanish"
690,whole,2.83,2020-06-07,98,"english,spanish"
691,laugh,3.63,2025-01-19,75,"english,spanish"
692,whom,2.11,2020-03-03,32,"english,spanish"
693,former,2.81,2020-11-02,12,"english,spanish"
694,however,3.23,2021-04-29,52,"english,spanish"
695,few,2.22,2020-10-05,21,"english,spanish"
696,though,3.69,2021-01-07,45,"english,spanish"
697,someone,3.05,2025-05-06,42,"english,spanish"
698,through,2.65,2023-07-02,47,"english,spanish"
699,spend,2.16,2022-06-20,78,"english,spanish"
700,it,3.04,2020-08-29,41,"english,spanish"
701,collection,2.37,2022-12-15,47,"english,spanish"
702,real,3.68,2024-05-02,45,"english,spanish"
703,country,4.74,2024-08-24,5,"english,spanish"
704,shoulder,4.08,2025-07-15,28,"english,spanish"
705,gun,3.5,2020-11-21,9,"english,spanish"
706,mother,2.3,2025-04-26,96,"english,spanish"
707,discover,3.89,2020-10-03,64,"english,spanish"
708,turn,2.73,2025-06-13,38,"english,spanish"
709,force,2.77,2021-09-10,82,"english,spanish"
710,party,3.42,2021-02-14,60,"english,spanish"
711,hospital,4.53,2023-04-05,39,"english,spanish"
712,mission,3.33,2026-01-05,45,"english,spanish"
713,democratic,4.25,2024-03-26,22,"english,spanish"
714,suffer,2.67,2021-06-04,41,"english,spanish"
715,could,3.96,2022-12-31,69,"english,spanish"
716,pressure,4.56,2023-08-23,61,"english,spanish"
717,close,3.69,2025-07-04,61,"english,spanish"
718,test,4.61,2020-02-18,3,"english,spanish"
719,husband,3.13,2023-08-24,8,"english,spanish"
720,nothing,3.4,2025-08-16,89,"english,spanish"
721,either,4.05,2022-02-24,53,"english,spanish"
722,its,3.01,2025-06-01,96,"english,spanish"
723,design,4.35,2020-08-01,84,"english,spanish"
724,thank,4.64,2022-11-30,54,"english,spanish"
725,kitchen,3.47,2025-06-04,34,"english,spanish"
726,system,2.09,2025-11-13,70,"english,spanish"
727,herself,3.93,2025-03-24,81,"english,spanish"
728,during,2.49,2023-02-23,98,"english,spanish"
729,through,4.37,2020-05-08,50,"english,spanish"
730,four,2.83,2022-12-09,33,"english,spanish"
731,office,3.28,2020-03-25,86,"english,spanish"
732,second,2.95,2021-04-12,44,"english,spanish"
733,usually,4.66,2021-06-16,15,"english,spanish"
734,big,4.88,2026-04-29,4,"english,spanish"
735,save,3.42,2021-12-09,49,"english,spanish"
736,former,3.56,2025-07-09,52,"english,spanish"
737,realize,2.94,2024-07-05,87,"english,spanish"
738,factor,4.47,2024-06-18,53,"english,spanish"
739,analysis,3.55,2024-03-15,13,"english,spanish"
740,western,2.37,2023-11-16,96,"english,spanish"
741,court,2.01,2026-04-26,68,"english,spanish"
742,money,2.98,2020-12-03,26,"english,spanish"
743,room,3.68,2024-05-22,91,"english,spanish"
744,fish,3.59,2022-09-18,92,"english,spanish"
745,it,4.63,2020-03-08,72,"english,spanish"
746,technology,2.92,2021-10-15,22,"english,spanish"
747,play,2.85,2022-06-11,62,"english,spanish"
748,final,2.93,2025-10-22,54,"english,spanish"
749,follow,2.88,2023-01-27,14,"english,spanish"
750,way,2.18,2023-01-04,4,"english,spanish"
751,husband,4.23,2025-01-19,29,"english,spanish"
752,record,2.5,2024-07-26,46,"english,spanish"
753,person,2.16,2023-05-07,50,"english,spanish"
754,type,4.7,2022-12-03,85,"english,spanish"
755,size,2.76,2020-12-23,80,"english,spanish"
756,its,4.41,2024-05-29,23,"english,spanish"
757,serious,2.96,2022-07-07,84,"english,spanish"
758,financial,4.43,2020-06-08,11,"english,spanish"
759,open,4.25,2022-10-07,3,"english,spanish"
760,check,2.47,2023-11-25,3,"english,spanish"
761,nearly,2.65,2021-09-22,24,"english,spanish"
762,score,3.13,2021-02-05,73,"english,spanish"
763,what,2.33,2025-12-03,61,"english,spanish"
764,performance,4.33,2023-07-13,52,"english,spanish"
765,be,3.38,2022-10-29,7,"english,spanish"
766,would,3.02,2020-12-16,80,"english,spanish"
767,crime,2.09,2023-04-17,59,"english,spanish"
768,very,2.55,2022-10-11,24,"english,spanish"
769,material,3.6,2020-08-29,63,"english,spanish"
770,arm,4.93,2024-07-16,74,"english,spanish"
771,age,2.91,2022-10-04,20,"english,spanish"
772,front,2.06,2022-12-16,30,"english,spanish"
773,agreement,4.07,2022-06-20,57,"english,spanish"
774,discover,3.43,2023-11-02,64,"english,spanish"
775,develop,4.21,2021-04-16,47,"english,spanish"
776,also,3.39,2023-07-19,4,"english,spanish"
777,like,4.72,2023-10-27,64,"english,spanish"
778,require,4.81,2023-02-18,71,"english,spanish"
779,western,4.75,2021-03-04,15,"english,spanish"
780,standard,4.68,2022-03-15,81,"english,spanish"
781,read,4.28,2020-08-08,60,"english,spanish"
782,trade,4.0,2022-05-13,27,"english,spanish"
783,could,3.51,2023-04-17,71,"english,spanish"
784,involve,2.18,2024-06-06,71,"english,spanish"
785,site,2.88,2022-10-03,73,"english,spanish"
786,group,4.03,2022-08-12,57,"english,spanish"
787,rest,2.65,2026-01-08,36,"english,spanish"
788,other,3.91,2025-11-19,83,"english,spanish"
789,animal,2.59,2025-04-24,38,"english,spanish"
790,government,4.2,2026-01-14,10,"english,spanish"
791,these,4.1,2022-04-12,85,"english,spanish"
792,red,3.34,2020-08-11,27,"english,spanish"
793,your,2.61,2020-11-16,44,"english,spanish"
794,now,4.66,2022-03-31,29,"english,spanish"
795,they,3.78,2024-07-16,5,"english,spanish"
796,hospital,2.79,2024-05-01,85,"english,spanish"
797,subject,2.96,2021-03-27,11,"english,spanish"
798,feel,4.71,2021-07-28,98,"english,spanish"
799,matter,4.85,2023-02-01,6,"english,spanish"
800,growth,2.08,2023-01-06,59,"english,spanish"
801,score,2.12,2025-12-17,46,"english,spanish"
802,executive,2.07,2025-08-07,47,"english,spanish"
803,himself,2.9,2024-10-09,65,"english,spanish"
804,month,4.53,2024-05-09,82,"english,spanish"
805,sister,4.46,2025-02-21,52,"english,spanish"
806,strategy,3.54,2022-07-14,78,"english,spanish"
807,network,4.23,2020-04-28,30,"english,spanish"
808,important,4.08,2022-01-19,85,"english,spanish"
809,stop,4.78,2021-08-05,40,"english,spanish"
810,travel,3.6,2021-12-31,69,"english,spanish"
811,affect,4.97,2024-01-16,78,"english,spanish"
812,beyond,2.3,2021-07-21,91,"english,spanish"
813,alone,2.66,2021-11-10,27,"english,spanish"
814,deal,2.58,2022-07-20,73,"english,spanish"
815,more,2.24,2023-05-16,71,"english,spanish"
816,anything,2.41,2024-09-26,53,"english,spanish"
817,son,3.78,2020-03-26,23,"english,spanish"
818,ago,2.6,2023-02-12,13,"english,spanish"
819,often,2.54,2021-05-24,33,"english,spanish"
820,your,4.05,2022-11-05,54,"english,spanish"
821,plan,4.03,2025-01-28,10,"english,spanish"
822,condition,3.87,2020-07-12,70,"english,spanish"
823,parent,3.63,2022-06-26,99,"english,spanish"
824,big,4.02,2022-07-13,24,"english,spanish"
825,according,3.94,2025-02-28,29,"english,spanish"
826,business,4.4,2021-06-29,90,"english,spanish"
827,respond,4.26,2025-09-25,55,"english,spanish"
828,quite,4.08,2025-08-15,92,"english,spanish"
829,start,4.64,2023-11-20,86,"english,spanish"
830,second,4.75,2020-05-21,90,"english,spanish"
831,ability,4.84,2024-09-29,71,"english,spanish"
832,seven,4.04,2025-08-19,3,"english,spanish"
833,early,3.12,2025-02-17,49,"english,spanish"
834,charge,2.61,2023-09-09,47,"english,spanish"
835,young,2.97,2020-05-04,1,"english,spanish"
836,half,4.06,2020-08-11,14,"english,spanish"
837,week,4.25,2022-08-25,9,"english,spanish"
838,project,4.47,2025-07-26,71,"english,spanish"
839,reality,4.62,2022-11-05,82,"english,spanish"
840,return,2.58,2023-10-15,30,"english,spanish"
841,heart,2.14,2022-01-05,52,"english,spanish"
842,to,2.52,2024-04-11,39,"english,spanish"
843,drug,2.57,2021-05-04,52,"english,spanish"
844,question,3.4,2024-10-16,37,"english,spanish"
845,care,4.64,2025-06-06,29,"english,spanish"
846,professional,4.52,2023-02-08,91,"english,spanish"
847,level,4.9,2025-09-26,35,"english,spanish"
848,air,3.33,2020-08-15,79,"english,spanish"
849,check,3.65,2024-05-07,78,"english,spanish"
850,keep,2.75,2023-05-09,98,"english,spanish"
851,important,3.01,2023-09-15,27,"english,spanish"
852,let,4.33,2023-07-23,7,"english,spanish"
853,over,2.97,2020-03-20,85,"english,spanish"
854,sing,2.64,2020-04-08,33,"english,spanish"
855,order,4.4,2022-07-28,76,"english,spanish"
856,skin,2.07,2020-03-23,40,"english,spanish"
857,movement,4.12,2021-09-22,71,"english,spanish"
858,dinner,4.19,2023-03-31,6,"english,spanish"
859,want,2.72,2020-09-16,86,"english,spanish"
860,level,4.11,2020-01-08,34,"english,spanish"
861,up,4.54,2022-08-24,43,"english,spanish"
862,thought,3.86,2023-03-23,38,"english,spanish"
863,civil,2.36,2021-04-27,8,"english,spanish"
864,small,4.78,2023-12-24,89,"english,spanish"
865,writer,3.44,2026-04-17,96,"english,spanish"
866,oil,3.63,2021-09-09,21,"english,spanish"
867,south,4.64,2022-03-15,4,"english,spanish"
868,involve,3.43,2022-11-26,52,"english,spanish"
869,dinner,3.31,2026-02-06,60,"english,spanish"
870,ten,2.1,2025-06-15,42,"english,spanish"
871,look,2.73,2021-04-18,37,"english,spanish"
872,either,3.41,2023-04-13,67,"english,spanish"
873,put,2.11,2024-02-12,13,"english,spanish"
874,success,3.04,2022-02-19,12,"english,spanish"
875,against,2.57,2023-09-01,66,"english,spanish"
876,clear,3.37,2024-02-24,24,"english,spanish"
877,number,4.3,2021-02-04,12,"english,spanish"
878,majority,2.93,2020-12-04,31,"english,spanish"
879,police,4.76,2022-02-02,92,"english,spanish"
880,include,3.4,2026-03-09,58,"english,spanish"
881,pull,2.17,2020-04-08,11,"english,spanish"
882,company,3.79,2022-05-27,23,"english,spanish"
883,station,2.8,2022-10-01,51,"english,spanish"
884,trip,4.17,2022-11-17,12,"english,spanish"
885,particularly,4.02,2022-05-04,20,"english,spanish"
886,gun,3.09,2023-04-10,92,"english,spanish"
887,myself,2.25,2026-04-26,60,"english,spanish"
888,prevent,3.43,2020-05-30,60,"english,spanish"
889,no,3.2,2023-07-25,84,"english,spanish"
890,ago,3.9,2020-06-05,4,"english,spanish"
891,her,4.54,2021-11-18,29,"english,spanish"
892,nature,2.29,2025-12-30,86,"english,spanish"
893,situation,3.54,2025-10-20,44,"english,spanish"
894,little,3.59,2023-02-01,4,"english,spanish"
895,production,3.92,2023-11-02,57,"english,spanish"
896,weight,3.17,2021-12-08,97,"english,spanish"
897,paper,2.71,2020-07-24,26,"english,spanish"
898,age,3.53,2023-09-28,74,"english,spanish"
899,scientist,3.06,2020-04-08,75,"english,spanish"
900,attention,4.61,2024-12-09,4,"english,spanish"
901,lose,4.47,2020-06-22,47,"english,spanish"
902,yeah,3.24,2025-01-15,78,"english,spanish"
903,debate,4.78,2024-02-13,56,"english,spanish"
904,power,4.87,2024-05-10,61,"english,spanish"
905,point,3.78,2024-03-25,54,"english,spanish"
906,nearly,2.23,2021-11-02,41,"english,spanish"
907,lay,3.58,2025-09-24,4,"english,spanish"
908,it,2.21,2024-12-10,98,"english,spanish"
909,modern,3.05,2024-09-30,70,"english,spanish"
910,quality,2.06,2022-12-02,99,"english,spanish"
911,yard,2.33,2026-01-06,77,"english,spanish"
912,these,4.18,2022-05-13,4,"english,spanish"
913,your,3.96,2025-12-06,28,"english,spanish"
914,even,2.77,2022-01-27,40,"english,spanish"
915,benefit,3.34,2020-06-18,78,"english,spanish"
916,third,3.63,2024-12-19,11,"english,spanish"
917,war,4.44,2024-03-26,90,"english,spanish"
918,hundred,2.37,2026-03-07,96,"english,spanish"
919,consider,4.43,2021-12-12,47,"english,spanish"
920,wrong,3.9,2025-07-30,26,"english,spanish"
921,fall,4.87,2023-08-12,12,"english,spanish"
922,must,4.72,2024-09-22,41,"english,spanish"
923,across,4.89,2024-03-30,99,"english,spanish"
924,pick,3.28,2024-05-14,94,"english,spanish"
925,itself,4.26,2022-11-23,89,"english,spanish"
926,four,3.65,2022-04-18,33,"english,spanish"
927,memory,2.49,2020-11-10,98,"english,spanish"
928,guess,3.22,2024-01-17,70,"english,spanish"
929,cold,3.66,2023-02-20,70,"english,spanish"
930,interview,3.74,2026-02-03,85,"english,spanish"
931,two,4.48,2024-06-06,63,"english,spanish"
932,color,2.73,2025-12-02,99,"english,spanish"
933,cause,4.17,2020-08-18,82,"english,spanish"
934,news,4.5,2025-12-23,80,"english,spanish"
935,which,2.4,2025-12-28,22,"english,spanish"
936,data,2.05,2025-12-24,10,"english,spanish"
937,PM,3.56,2026-03-16,43,"english,spanish"
938,someone,2.11,2025-08-31,27,"english,spanish"
939,me,3.3,2024-10-23,3,"english,spanish"
940,than,2.99,2025-10-06,89,"english,spanish"
941,daughter,3.18,2025-03-13,94,"english,spanish"
942,industry,3.18,2024-05-19,42,"english,spanish"
943,themselves,2.74,2023-03-03,57,"english,spanish"
944,live,3.08,2023-12-24,13,"english,spanish"
945,interview,2.53,2022-07-12,32,"english,spanish"
946,not,2.61,2022-06-14,55,"english,spanish"
947,part,2.0,2024-02-16,95,"english,spanish"
948,at,2.56,2023-12-22,57,"english,spanish"
949,involve,3.97,2021-11-15,37,"english,spanish"
950,should,4.03,2025-02-23,93,"english,spanish"
951,where,4.36,2024-05-03,52,"english,spanish"
952,information,3.15,2020-11-08,60,"english,spanish"
953,drug,4.01,2022-12-13,89,"english,spanish"
954,nearly,3.63,2024-03-29,6,"english,spanish"
955,note,4.98,2025-09-08,54,"english,spanish"
956,others,2.22,2024-01-10,69,"english,spanish"
957,right,3.09,2020-07-21,73,"english,spanish"
958,travel,3.86,2024-09-13,91,"english,spanish"
959,yard,4.43,2024-07-13,72,"english,spanish"
960,enter,4.73,2021-05-11,5,"english,spanish"
961,real,3.92,2024-09-01,96,"english,spanish"
962,painting,3.46,2022-06-15,24,"english,spanish"
963,task,3.8,2023-07-19,95,"english,spanish"
964,candidate,2.64,2024-12-24,30,"english,spanish"
965,through,4.85,2024-11-16,97,"english,spanish"
966,learn,4.53,2020-02-14,47,"english,spanish"
967,education,4.07,2024-09-24,92,"english,spanish"
968,off,2.97,2025-06-14,14,"english,spanish"
969,back,4.17,2025-01-15,37,"english,spanish"
970,again,3.48,2021-06-01,20,"english,spanish"
971,network,4.6,2022-10-31,85,"english,spanish"
972,instead,2.97,2020-08-14,28,"english,spanish"
973,floor,2.01,2020-01-02,41,"english,spanish"
974,talk,4.36,2021-01-03,23,"english,spanish"
975,save,3.5,2021-12-28,91,"english,spanish"
976,yes,3.82,2025-06-04,56,"english,spanish"
977,step,2.67,2021-12-30,40,"english,spanish"
978,set,2.42,2025-06-14,63,"english,spanish"
979,affect,4.56,2022-03-27,57,"english,spanish"
980,others,3.66,2021-08-14,47,"english,spanish"
981,child,2.61,2025-04-15,90,"english,spanish"
982,parent,2.96,2024-03-02,72,"english,spanish"
983,wear,4.52,2026-04-04,98,"english,spanish"
984,participant,4.86,2020-12-04,60,"english,spanish"
985,probably,2.28,2025-05-23,88,"english,spanish"
986,far,2.65,2020-04-26,72,"english,spanish"
987,strategy,2.5,2021-06-25,34,"english,spanish"
988,product,4.46,2022-07-19,45,"english,spanish"
989,skin,4.25,2024-12-22,74,"english,spanish"
990,shoulder,2.05,2023-07-25,52,"english,spanish"
991,bank,4.52,2024-09-13,48,"english,spanish"
992,cold,3.85,2020-03-07,6,"english,spanish"
993,cell,2.14,2022-06-13,55,"english,spanish"
994,suffer,2.08,2020-11-10,80,"english,spanish"
995,vote,2.16,2023-12-14,84,"english,spanish"
996,ask,3.21,2020-01-16,52,"english,spanish"
997,consider,3.94,2024-07-10,45,"english,spanish"
998,draw,2.71,2025-08-12,60,"english,spanish"
999,medical,2.73,2020-11-23,59,"english,spanish"
1000,huge,2.71,2023-04-11,12,"english,spanish"
1001,though,4.61,2020-07-27,91,"english,spanish"
1002,control,4.05,2021-07-17,48,"english,spanish"
1003,cell,2.95,2020-07-08,55,"english,spanish"
1004,military,2.2,2020-08-23,92,"english,spanish"
1005,measure,4.9,2025-06-02,81,"english,spanish"
1006,contain,3.34,2022-04-06,98,"english,spanish"
1007,doctor,3.12,2024-04-17,14,"english,spanish"
1008,likely,3.95,2024-07-09,22,"english,spanish"
1009,boy,2.74,2021-01-07,66,"english,spanish"
1010,at,4.89,2022-12-06,19,"english,spanish"
1011,task,3.81,2020-08-27,62,"english,spanish"
1012,owner,4.81,2025-05-24,14,"english,spanish"
1013,course,3.65,2023-12-25,53,"english,spanish"
1014,sometimes,3.64,2020-04-29,61,"english,spanish"
1015,a,4.99,2023-02-13,75,"english,spanish"
1016,fact,4.19,2024-12-23,20,"english,spanish"
1017,girl,2.43,2025-01-18,49,"english,spanish"
1018,type,4.66,2024-08-05,14,"english,spanish"
1019,yet,4.06,2021-02-06,17,"english,spanish"
1020,we,2.79,2020-05-03,37,"english,spanish"
1021,on,3.53,2021-01-29,45,"english,spanish"
1022,fund,2.87,2021-09-03,7,"english,spanish"
1023,former,2.46,2020-06-03,60,"english,spanish"
1024,account,4.6,2023-09-03,100,"english,spanish"
1025,near,3.42,2021-02-10,30,"english,spanish"
1026,system,2.94,2021-09-28,50,"english,spanish"
1027,wear,3.0,2023-02-28,66,"english,spanish"
1028,movie,2.3,2025-04-12,16,"english,spanish"
1029,ago,4.58,2023-03-02,61,"english,spanish"
1030,power,4.62,2023-06-03,91,"english,spanish"
1031,week,4.84,2023-08-23,96,"english,spanish"
1032,subject,2.53,2024-12-05,6,"english,spanish"
1033,long,3.28,2025-08-24,37,"english,spanish"
1034,even,4.74,2020-07-17,21,"english,spanish"
1035,dinner,3.6,2022-10-19,87,"english,spanish"
1036,interesting,2.92,2024-03-04,81,"english,spanish"
1037,exist,4.1,2026-02-11,28,"english,spanish"
1038,room,3.05,2021-10-13,89,"english,spanish"
1039,much,3.85,2020-07-16,6,"english,spanish"
1040,best,3.39,2022-09-06,86,"english,spanish"
1041,more,3.24,2023-09-03,67,"english,spanish"
1042,lead,2.94,2024-11-26,16,"english,spanish"
1043,realize,2.73,2021-06-04,2,"english,spanish"
1044,most,3.14,2026-01-30,68,"english,spanish"
1045,either,3.22,2026-01-30,49,"english,spanish"
1046,single,4.27,2024-08-09,14,"english,spanish"
1047,positive,3.14,2024-05-26,18,"english,spanish"
1048,within,2.54,2021-05-08,15,"english,spanish"
1049,toward,3.35,2024-06-17,96,"english,spanish"
1050,argue,2.96,2022-02-27,24,"english,spanish"
1051,none,4.98,2023-05-19,4,"english,spanish"
1052,join,3.03,2024-10-29,9,"english,spanish"
1053,public,4.48,2023-02-06,47,"english,spanish"
1054,her,2.2,2022-09-07,42,"english,spanish"
1055,decide,4.91,2024-08-15,57,"english,spanish"
1056,finish,2.24,2024-02-29,31,"english,spanish"
1057,radio,3.22,2021-12-03,23,"english,spanish"
1058,arrive,4.95,2025-03-20,52,"english,spanish"
1059,market,4.57,2026-02-25,36,"english,spanish"
1060,leader,4.52,2025-06-09,73,"english,spanish"
1061,upon,2.24,2024-05-02,54,"english,spanish"
1062,choose,3.9,2023-01-04,36,"english,spanish"
1063,line,3.08,2022-04-01,44,"english,spanish"
1064,Mr,3.4,2022-08-13,63,"english,spanish"
1065,a,2.05,2025-05-04,22,"english,spanish"
1066,general,3.09,2020-04-05,94,"english,spanish"
1067,board,4.22,2022-09-27,96,"english,spanish"
1068,nature,3.37,2024-11-22,41,"english,spanish"
1069,water,2.98,2022-08-17,8,"english,spanish"
1070,management,2.6,2020-11-19,10,"english,spanish"
1071,type,3.38,2025-01-10,85,"english,spanish"
1072,suggest,4.38,2021-07-22,36,"english,spanish"
1073,easy,4.83,2023-06-12,75,"english,spanish"
1074,return,3.93,2024-11-17,65,"english,spanish"
1075,yard,3.23,2020-06-06,44,"english,spanish"
1076,board,2.84,2020-10-02,26,"english,spanish"
1077,often,4.24,2024-04-04,68,"english,spanish"
1078,time,4.86,2022-02-06,34,"english,spanish"
1079,myself,2.71,2022-08-16,77,"english,spanish"
1080,goal,2.88,2024-02-26,88,"english,spanish"
1081,wonder,3.61,2025-06-09,93,"english,spanish"
1082,administration,2.08,2022-06-10,27,"english,spanish"
1083,story,4.12,2020-03-29,85,"english,spanish"
1084,sure,3.92,2021-09-03,62,"english,spanish"
1085,represent,2.51,2020-12-14,98,"english,spanish"
1086,whether,2.03,2022-10-20,67,"english,spanish"
1087,meet,4.99,2020-06-27,54,"english,spanish"
1088,watch,3.61,2024-05-17,95,"english,spanish"
1089,result,4.89,2021-08-22,39,"english,spanish"
1090,similar,4.29,2021-10-08,96,"english,spanish"
1091,dog,3.22,2020-02-29,99,"english,spanish"
1092,learn,2.24,2021-11-15,30,"english,spanish"
1093,report,2.06,2020-09-17,15,"english,spanish"
1094,sit,2.32,2023-04-25,42,"english,spanish"
1095,happy,2.79,2025-09-11,52,"english,spanish"
1096,step,3.39,2022-10-29,94,"english,spanish"
1097,whether,4.02,2021-03-15,45,"english,spanish"
1098,product,3.24,2020-12-06,27,"english,spanish"
1099,measure,4.49,2024-04-15,84,"english,spanish"
1100,necessary,2.97,2024-03-29,54,"english,spanish"
1101,sit,4.57,2022-10-03,44,"english,spanish"
1102,fine,2.06,2021-07-04,61,"english,spanish"
1103,rather,2.15,2022-11-26,98,"english,spanish"
1104,research,3.89,2023-03-13,36,"english,spanish"
1105,you,3.31,2023-07-16,2,"english,spanish"
1106,center,4.06,2023-01-22,49,"english,spanish"
1107,gun,2.99,2021-06-09,24,"english,spanish"
1108,shoulder,3.8,2020-10-22,39,"english,spanish"
1109,clearly,4.02,2025-03-23,46,"english,spanish"
1110,question,3.99,2021-11-02,77,"english,spanish"
1111,somebody,2.48,2021-04-16,32,"english,spanish"
1112,affect,4.76,2024-04-04,57,"english,spanish"
1113,institution,4.07,2022-09-09,82,"english,spanish"
1114,radio,4.62,2023-05-27,70,"english,spanish"
1115,fly,3.99,2022-10-05,57,"english,spanish"
1116,which,4.81,2023-01-09,39,"english,spanish"
1117,art,4.26,2024-06-30,28,"english,spanish"
1118,car,3.1,2023-01-15,46,"english,spanish"
1119,evidence,5.0,2025-01-28,92,"english,spanish"
1120,central,3.39,2025-03-04,52,"english,spanish"
1121,receive,3.12,2025-10-04,21,"english,spanish"
1122,discuss,4.87,2021-08-26,28,"english,spanish"
1123,body,3.54,2024-11-13,8,"english,spanish"
1124,religious,3.13,2021-06-06,4,"english,spanish"
1125,magazine,3.23,2025-09-13,78,"english,spanish"
1126,necessary,4.76,2023-09-21,50,"english,spanish"
1127,book,4.16,2024-03-12,42,"english,spanish"
1128,peace,3.66,2025-07-18,20,"english,spanish"
1129,every,4.53,2022-07-19,97,"english,spanish"
1130,themselves,3.9,2020-04-29,72,"english,spanish"
1131,dark,2.15,2025-08-10,52,"english,spanish"
1132,fine,3.13,2023-02-03,75,"english,spanish"
1133,say,4.61,2023-09-27,74,"english,spanish"
1134,police,4.95,2021-05-01,95,"english,spanish"
1135,hit,2.86,2025-12-16,77,"english,spanish"
1136,other,4.92,2023-12-25,32,"english,spanish"
1137,recent,2.26,2020-07-31,58,"english,spanish"
1138,talk,3.19,2024-09-05,62,"english,spanish"
1139,read,4.53,2023-11-24,89,"english,spanish"
1140,final,3.85,2020-06-03,68,"english,spanish"
1141,agree,4.3,2026-01-22,94,"english,spanish"
1142,claim,2.94,2022-08-07,84,"english,spanish"
1143,chance,2.98,2025-05-02,42,"english,spanish"
1144,consider,2.0,2025-03-03,88,"english,spanish"
1145,money,4.14,2026-02-26,100,"english,spanish"
1146,figure,3.24,2021-11-26,6,"english,spanish"
1147,others,3.62,2023-05-13,36,"english,spanish"
1148,pick,4.84,2025-05-06,9,"english,spanish"
1149,space,2.81,2025-08-16,73,"english,spanish"
1150,support,2.24,2025-03-26,15,"english,spanish"
1151,spend,4.94,2023-10-02,62,"english,spanish"
1152,near,4.8,2020-12-29,58,"english,spanish"
1153,animal,4.05,2024-03-31,86,"english,spanish"
1154,wide,3.97,2022-03-14,37,"english,spanish"
1155,election,3.85,2024-07-07,24,"english,spanish"
1156,keep,3.47,2022-01-25,45,"english,spanish"
1157,tough,4.01,2022-12-18,14,"english,spanish"
1158,structure,4.03,2022-01-24,44,"english,spanish"
1159,a,3.54,2021-01-29,96,"english,spanish"
1160,assume,3.59,2020-08-11,12,"english,spanish"
1161,represent,4.5,2022-02-18,75,"english,spanish"
1162,film,2.64,2022-05-09,25,"english,spanish"
1163,indicate,2.42,2020-01-13,37,"english,spanish"
1164,hard,3.41,2025-09-01,53,"english,spanish"
1165,ask,3.56,2020-01-28,8,"english,spanish"
1166,particular,4.19,2024-08-09,61,"english,spanish"
1167,could,2.76,2025-06-17,10,"english,spanish"
1168,blue,4.37,2024-10-18,60,"english,spanish"
1169,color,4.32,2022-07-02,55,"english,spanish"
1170,baby,4.49,2022-09-26,59,"english,spanish"
1171,bill,2.8,2020-02-15,7,"english,spanish"
1172,score,2.98,2021-04-21,4,"english,spanish"
1173,information,4.23,2022-06-18,16,"english,spanish"
1174,forget,4.39,2020-12-01,4,"english,spanish"
1175,effort,2.82,2022-12-26,48,"english,spanish"
1176,share,4.54,2024-08-05,36,"english,spanish"
1177,above,2.34,2022-02-17,45,"english,spanish"
1178,history,2.96,2021-03-11,51,"english,spanish"
1179,institution,3.12,2022-12-12,54,"english,spanish"
1180,lead,4.36,2021-11-11,59,"english,spanish"
1181,family,2.84,2025-12-19,63,"english,spanish"
1182,project,3.07,2025-05-16,62,"english,spanish"
1183,time,2.7,2022-03-07,44,"english,spanish"
1184,common,3.61,2021-11-03,54,"english,spanish"
1185,government,3.28,2025-04-18,67,"english,spanish"
1186,weight,4.57,2024-12-04,56,"english,spanish"
1187,forget,3.74,2022-03-03,12,"english,spanish"
1188,that,2.62,2023-11-12,20,"english,spanish"
1189,reduce,4.51,2021-04-03,59,"english,spanish"
1190,you,3.05,2023-08-30,54,"english,spanish"
1191,while,3.78,2020-03-14,80,"english,spanish"
1192,your,3.55,2023-05-05,28,"english,spanish"
1193,word,4.81,2021-06-13,28,"english,spanish"
1194,decide,2.58,2025-08-27,52,"english,spanish"
1195,attack,2.42,2023-04-30,68,"english,spanish"
1196,eight,3.29,2021-05-28,59,"english,spanish"
1197,there,2.32,2023-01-31,32,"english,spanish"
1198,support,4.4,2023-05-01,25,"english,spanish"
1199,its,2.27,2023-09-04,95,"english,spanish"
1200,way,2.35,2021-10-21,53,"english,spanish"
1201,consumer,3.61,2022-07-06,48,"english,spanish"
1202,born,4.15,2022-06-05,8,"english,spanish"
1203,ago,4.59,2022-08-26,84,"english,spanish"
1204,paper,3.52,2025-09-19,26,"english,spanish"
1205,common,3.62,2022-05-02,58,"english,spanish"
1206,goal,2.03,2024-12-17,90,"english,spanish"
1207,six,3.05,2025-07-30,53,"english,spanish"
1208,become,3.02,2021-11-19,33,"english,spanish"
1209,from,4.67,2023-05-12,39,"english,spanish"
1210,word,3.06,2021-04-21,2,"english,spanish"
1211,traditional,3.74,2024-02-02,45,"english,spanish"
1212,tonight,2.31,2022-04-09,49,"english,spanish"
1213,camera,3.2,2020-06-20,2,"english,spanish"
1214,become,4.0,2025-01-22,7,"english,spanish"
1215,late,2.67,2020-10-21,98,"english,spanish"
1216,garden,2.35,2021-10-25,42,"english,spanish"
1217,bar,3.13,2020-12-17,68,"english,spanish"
1218,charge,4.39,2021-03-30,40,"english,spanish"
1219,the,2.81,2025-01-10,63,"english,spanish"
1220,record,2.54,2025-02-10,34,"english,spanish"
1221,hour,2.19,2025-11-13,84,"english,spanish"
1222,suddenly,2.35,2023-04-04,57,"english,spanish"
1223,pretty,3.61,2020-11-16,96,"english,spanish"
1224,account,4.29,2024-11-20,49,"english,spanish"
1225,walk,2.33,2020-03-13,62,"english,spanish"
1226,live,3.02,2024-04-21,56,"english,spanish"
1227,may,2.37,2021-12-25,15,"english,spanish"
1228,lawyer,2.79,2024-07-11,75,"english,spanish"
1229,both,2.13,2021-11-10,18,"english,spanish"
1230,lose,4.56,2024-04-24,47,"english,spanish"
1231,news,2.68,2025-02-19,68,"english,spanish"
1232,computer,2.55,2021-08-05,76,"english,spanish"
1233,stage,4.24,2024-10-03,86,"english,spanish"
1234,action,3.2,2020-04-02,96,"english,spanish"
1235,service,4.09,2021-05-02,90,"english,spanish"
1236,seven,4.55,2022-04-30,16,"english,spanish"
1237,would,3.55,2021-10-23,75,"english,spanish"
1238,growth,2.8,2026-02-20,11,"english,spanish"
1239,American,2.14,2021-02-20,100,"english,spanish"
1240,cut,3.46,2020-01-10,55,"english,spanish"
1241,spring,2.12,2024-11-24,50,"english,spanish"
1242,write,2.4,2023-07-15,27,"english,spanish"
1243,middle,3.92,2023-02-05,50,"english,spanish"
1244,economy,2.07,2020-01-12,26,"english,spanish"
1245,fight,4.1,2025-10-16,54,"english,spanish"
1246,thought,2.23,2021-01-09,72,"english,spanish"
1247,set,4.98,2021-03-14,10,"english,spanish"
1248,hand,3.24,2021-09-06,6,"english,spanish"
1249,word,4.83,2023-05-01,6,"english,spanish"
1250,describe,2.75,2023-09-01,23,"english,spanish"
1251,eat,2.59,2024-06-24,9,"english,spanish"
1252,than,2.89,2024-12-21,95,"english,spanish"
1253,figure,2.51,2021-07-21,98,"english,spanish"
1254,among,4.24,2023-07-11,10,"english,spanish"
1255,note,4.94,2025-05-06,54,"english,spanish"
1256,occur,2.45,2021-12-04,100,"english,spanish"
1257,the,3.89,2025-06-26,89,"english,spanish"
1258,matter,2.11,2026-01-04,20,"english,spanish"
1259,go,2.51,2021-05-29,41,"english,spanish"
1260,bag,3.04,2023-09-02,93,"english,spanish"
1261,nature,2.44,2020-11-21,14,"english,spanish"
1262,collection,2.52,2021-09-16,40,"english,spanish"
1263,personal,4.78,2024-07-01,78,"english,spanish"
1264,property,2.65,2020-12-16,36,"english,spanish"
1265,range,2.93,2022-10-15,14,"english,spanish"
1266,it,3.93,2025-08-04,57,"english,spanish"
1267,head,2.41,2020-08-02,57,"english,spanish"
1268,page,3.13,2022-12-13,22,"english,spanish"
1269,kitchen,4.2,2025-11-21,18,"english,spanish"
1270,glass,2.23,2023-01-05,52,"english,spanish"
1271,site,3.05,2023-04-13,22,"english,spanish"
1272,television,2.56,2025-09-01,88,"english,spanish"
1273,say,2.1,2025-06-20,92,"english,spanish"
1274,camera,3.13,2023-01-01,35,"english,spanish"
1275,start,2.06,2024-12-20,5,"english,spanish"
1276,work,3.48,2021-09-13,53,"english,spanish"
1277,available,3.41,2022-12-11,42,"english,spanish"
1278,allow,4.92,2023-06-09,24,"english,spanish"
1279,character,2.24,2025-09-14,1,"english,spanish"
1280,wait,4.05,2023-01-26,11,"english,spanish"
1281,final,4.4,2021-02-13,27,"english,spanish"
1282,dinner,3.37,2020-05-11,76,"english,spanish"
1283,treat,3.35,2021-04-04,63,"english,spanish"
1284,game,2.1,2021-04-29,65,"english,spanish"
1285,group,2.39,2022-08-31,79,"english,spanish"
1286,yourself,2.5,2024-10-06,91,"english,spanish"
1287,under,4.58,2026-02-24,72,"english,spanish"
1288,another,3.34,2022-08-31,28,"english,spanish"
1289,goal,2.65,2020-01-01,46,"english,spanish"
1290,fast,2.25,2026-01-09,92,"english,spanish"
1291,consider,2.54,2022-07-09,57,"english,spanish"
1292,moment,3.1,2020-03-12,69,"english,spanish"
1293,test,3.56,2024-01-24,25,"english,spanish"
1294,former,3.3,2022-08-07,96,"english,spanish"
1295,forget,3.8,2025-03-12,74,"english,spanish"
1296,resource,2.36,2025-05-12,100,"english,spanish"
1297,concern,4.81,2023-09-02,9,"english,spanish"
1298,production,3.63,2020-01-01,61,"english,spanish"
1299,stage,2.21,2020-08-02,8,"english,spanish"
1300,rest,2.73,2022-06-17,66,"english,spanish"
1301,relate,2.21,2024-08-05,64,"english,spanish"
1302,rate,4.36,2025-07-02,73,"english,spanish"
1303,speech,3.65,2021-03-22,46,"english,spanish"
1304,detail,3.31,2020-01-15,51,"english,spanish"
1305,little,4.43,2023-03-24,98,"english,spanish"
1306,hotel,4.93,2023-09-28,21,"english,spanish"
1307,loss,4.78,2024-08-11,93,"english,spanish"
1308,natural,4.18,2024-08-31,42,"english,spanish"
1309,leave,2.17,2024-12-30,20,"english,spanish"
1310,blue,3.24,2022-06-03,13,"english,spanish"
1311,which,4.51,2020-12-06,62,"english,spanish"
1312,hotel,4.52,2023-08-11,48,"english,spanish"
1313,talk,4.04,2025-05-13,68,"english,spanish"
1314,question,2.04,2024-11-05,97,"english,spanish"
1315,national,3.57,2026-01-31,9,"english,spanish"
1316,per,2.39,2024-10-28,30,"english,spanish"
1317,could,4.98,2021-05-26,75,"english,spanish"
1318,want,4.86,2025-08-21,38,"english,spanish"
1319,leg,4.21,2026-02-10,37,"english,spanish"
1320,animal,2.04,2026-04-16,52,"english,spanish"
1321,box,3.3,2025-04-12,39,"english,spanish"
1322,green,3.65,2020-11-20,12,"english,spanish"
1323,dark,3.67,2024-01-30,59,"english,spanish"
1324,production,3.57,2025-03-06,100,"english,spanish"
1325,tax,4.37,2020-08-15,16,"english,spanish"
1326,wind,2.04,2020-11-25,90,"english,spanish"
1327,high,4.16,2020-09-15,32,"english,spanish"
1328,people,3.03,2023-01-16,97,"english,spanish"
1329,recent,4.79,2021-02-01,58,"english,spanish"
1330,sometimes,2.71,2020-08-09,68,"english,spanish"
1331,door,2.26,2023-05-14,1,"english,spanish"
1332,per,3.92,2023-10-04,72,"english,spanish"
1333,business,3.26,2024-12-07,58,"english,spanish"
1334,each,3.21,2021-01-17,49,"english,spanish"
1335,show,2.16,2025-07-22,76,"english,spanish"
1336,voice,4.26,2023-11-12,21,"english,spanish"
1337,team,2.63,2020-10-10,44,"english,spanish"
1338,head,4.76,2026-04-03,45,"english,spanish"
1339,leader,4.84,2021-02-01,83,"english,spanish"
1340,evening,2.07,2023-09-11,8,"english,spanish"
1341,forward,2.01,2022-02-15,12,"english,spanish"
1342,simple,2.57,2024-03-21,55,"english,spanish"
1343,body,2.22,2023-09-25,55,"english,spanish"
1344,personal,4.38,2025-03-08,18,"english,spanish"
1345,national,3.85,2020-12-10,84,"english,spanish"
1346,garden,3.49,2020-08-21,28,"english,spanish"
1347,month,4.26,2020-01-07,77,"english,spanish"
1348,fear,4.91,2025-12-10,14,"english,spanish"
1349,whole,4.59,2021-12-14,4,"english,spanish"
1350,range,3.98,2025-12-06,48,"english,spanish"
1351,traditional,2.78,2024-02-08,9,"english,spanish"
1352,head,3.39,2023-03-08,4,"english,spanish"
1353,seven,4.26,2023-02-25,65,"english,spanish"
1354,pass,3.82,2025-08-18,42,"english,spanish"
1355,time,2.7,2024-06-26,82,"english,spanish"
1356,politics,3.9,2023-09-14,96,"english,spanish"
1357,issue,4.78,2021-03-17,50,"english,spanish"
1358,building,2.57,2024-05-15,1,"english,spanish"
1359,much,2.75,2022-06-27,20,"english,spanish"
1360,rock,2.48,2020-03-14,74,"english,spanish"
1361,including,4.73,2024-10-01,14,"english,spanish"
1362,wrong,2.95,2022-09-10,16,"english,spanish"
1363,tax,2.12,2023-09-26,30,"english,spanish"
1364,mouth,3.28,2024-07-05,48,"english,spanish"
1365,write,3.63,2023-10-02,27,"english,spanish"
1366,series,2.77,2023-02-20,57,"english,spanish"
1367,will,3.91,2025-06-17,92,"english,spanish"
1368,wonder,2.02,2025-03-13,48,"english,spanish"
1369,black,3.11,2021-02-24,72,"english,spanish"
1370,send,3.71,2024-06-26,21,"english,spanish"
1371,nearly,3.3,2022-05-30,72,"english,spanish"
1372,management,3.45,2025-11-10,37,"english,spanish"
1373,activity,3.82,2026-03-24,51,"english,spanish"
1374,audience,4.36,2021-10-14,47,"english,spanish"
1375,media,2.31,2020-04-24,74,"english,spanish"
1376,behind,3.73,2023-10-16,95,"english,spanish"
1377,positive,4.69,2022-08-06,39,"english,spanish"
1378,brother,3.11,2020-09-08,13,"english,spanish"
1379,sometimes,2.12,2021-06-10,57,"english,spanish"
1380,popular,3.06,2026-02-16,69,"english,spanish"
1381,card,4.15,2024-07-03,42,"english,spanish"
1382,rather,3.4,2022-02-25,80,"english,spanish"
1383,edge,4.77,2020-09-22,84,"english,spanish"
1384,yes,3.3,2020-08-27,86,"english,spanish"
1385,against,4.07,2024-10-27,84,"english,spanish"
1386,west,3.38,2022-04-27,24,"english,spanish"
1387,travel,2.51,2024-01-10,79,"english,spanish"
1388,realize,4.54,2020-08-19,84,"english,spanish"
1389,seem,4.5,2021-05-30,8,"english,spanish"
1390,hand,3.02,2023-04-08,47,"english,spanish"
1391,away,2.24,2023-12-25,2,"english,spanish"
1392,conference,3.92,2024-04-07,16,"english,spanish"
1393,let,3.45,2022-03-23,2,"english,spanish"
1394,ball,4.72,2026-03-31,28,"english,spanish"
1395,budget,3.88,2024-03-24,6,"english,spanish"
1396,imagine,2.34,2021-03-03,12,"english,spanish"
1397,little,4.44,2026-01-28,92,"english,spanish"
1398,rise,4.2,2025-07-05,75,"english,spanish"
1399,six,2.63,2022-10-16,47,"english,spanish"
1400,radio,3.22,2025-03-03,93,"english,spanish"
1401,that,4.14,2021-04-08,55,"english,spanish"
1402,hospital,3.24,2021-04-06,93,"english,spanish"
1403,any,2.01,2020-08-13,29,"english,spanish"
1404,term,3.77,2024-03-07,50,"english,spanish"
1405,company,2.07,2023-05-15,96,"english,spanish"
1406,management,4.56,2025-06-14,74,"english,spanish"
1407,live,3.72,2022-01-11,99,"english,spanish"
1408,floor,2.64,2020-07-13,1,"english,spanish"
1409,defense,3.71,2022-06-11,87,"english,spanish"
1410,travel,2.09,2023-08-13,21,"english,spanish"
1411,cup,4.05,2023-07-27,51,"english,spanish"
1412,action,3.53,2024-03-04,91,"english,spanish"
1413,lawyer,4.42,2022-10-19,70,"english,spanish"
1414,trade,2.27,2021-10-29,48,"english,spanish"
1415,resource,2.98,2020-05-16,6,"english,spanish"
1416,worry,4.24,2021-07-08,7,"english,spanish"
1417,bill,2.74,2023-11-15,55,"english,spanish"
1418,thousand,3.37,2022-11-28,39,"english,spanish"
1419,arm,2.98,2022-05-07,46,"english,spanish"
1420,until,2.96,2020-05-04,43,"english,spanish"
1421,behavior,3.62,2024-02-21,61,"english,spanish"
1422,lot,3.66,2023-07-06,53,"english,spanish"
1423,kid,2.2,2020-01-05,97,"english,spanish"
1424,fast,3.03,2021-10-30,61,"english,spanish"
1425,director,2.58,2023-02-27,73,"english,spanish"
1426,history,4.02,2025-09-15,8,"english,spanish"
1427,happen,3.09,2025-11-24,79,"english,spanish"
1428,just,4.74,2021-08-10,11,"english,spanish"
1429,summer,4.5,2023-11-23,20,"english,spanish"
1430,take,2.57,2022-02-15,43,"english,spanish"
1431,authority,3.87,2022-05-20,19,"english,spanish"
1432,treat,4.89,2025-12-18,84,"english,spanish"
1433,one,2.27,2024-02-09,96,"english,spanish"
1434,music,3.44,2023-12-08,62,"english,spanish"
1435,million,2.37,2025-02-04,83,"english,spanish"
1436,entire,3.81,2020-05-07,66,"english,spanish"
1437,somebody,2.43,2025-06-22,1,"english,spanish"
1438,rest,2.14,2020-10-04,18,"english,spanish"
1439,enough,2.43,2024-07-12,14,"english,spanish"
1440,require,3.16,2020-11-05,83,"english,spanish"
1441,end,2.16,2022-06-15,45,"english,spanish"
1442,send,3.52,2022-05-25,18,"english,spanish"
1443,do,2.96,2021-09-20,2,"english,spanish"
1444,executive,4.52,2021-12-25,48,"english,spanish"
1445,hour,2.12,2025-11-22,56,"english,spanish"
1446,much,2.17,2023-08-22,88,"english,spanish"
1447,behavior,4.44,2021-06-06,42,"english,spanish"
1448,author,3.34,2022-04-25,30,"english,spanish"
1449,compare,4.66,2022-10-12,30,"english,spanish"
1450,upon,3.02,2021-07-26,92,"english,spanish"
1451,entire,3.51,2020-06-03,13,"english,spanish"
1452,yeah,3.26,2024-12-26,19,"english,spanish"
1453,campaign,3.93,2023-07-19,5,"english,spanish"
1454,former,4.51,2022-02-09,31,"english,spanish"
1455,rule,4.73,2021-04-24,100,"english,spanish"
1456,team,3.76,2024-06-12,89,"english,spanish"
1457,term,4.09,2023-06-12,71,"english,spanish"
1458,tell,2.59,2026-01-12,79,"english,spanish"
1459,father,3.19,2020-12-16,93,"english,spanish"
1460,example,3.86,2024-05-21,9,"english,spanish"
1461,walk,4.33,2023-11-19,19,"english,spanish"
1462,investment,2.7,2021-04-28,59,"english,spanish"
1463,the,4.0,2023-03-08,51,"english,spanish"
1464,well,2.28,2025-12-13,91,"english,spanish"
1465,wide,3.32,2024-08-31,77,"english,spanish"
1466,every,4.53,2023-03-20,44,"english,spanish"
1467,senior,4.8,2026-02-16,67,"english,spanish"
1468,usually,3.09,2020-11-08,60,"english,spanish"
1469,wear,2.22,2024-01-06,60,"english,spanish"
1470,consumer,3.14,2021-05-22,43,"english,spanish"
1471,bed,3.89,2020-06-12,36,"english,spanish"
1472,she,4.24,2023-09-23,24,"english,spanish"
1473,state,3.07,2024-02-04,42,"english,spanish"
1474,rather,2.31,2022-04-22,79,"english,spanish"
1475,chance,2.93,2024-07-03,45,"english,spanish"
1476,admit,3.66,2024-03-25,39,"english,spanish"
1477,drug,3.25,2024-05-22,37,"english,spanish"
1478,collection,3.92,2024-04-24,17,"english,spanish"
1479,hit,2.24,2023-03-12,13,"english,spanish"
1480,thought,3.78,2025-08-17,66,"english,spanish"
1481,store,2.2,2021-04-29,76,"english,spanish"
1482,while,4.26,2025-04-14,35,"english,spanish"
1483,which,2.48,2022-10-29,26,"english,spanish"
1484,piece,4.15,2020-04-09,42,"english,spanish"
1485,push,4.06,2023-05-24,74,"english,spanish"
1486,health,4.9,2020-03-02,91,"english,spanish"
1487,measure,2.12,2020-08-22,60,"english,spanish"
1488,quickly,2.92,2022-08-08,66,"english,spanish"
1489,project,4.9,2024-03-26,73,"english,spanish"
1490,its,3.01,2022-01-16,41,"english,spanish"
1491,side,4.95,2023-05-04,71,"english,spanish"
1492,majority,3.74,2020-11-12,71,"english,spanish"
1493,serve,3.25,2024-06-01,29,"english,spanish"
1494,price,3.08,2026-03-04,1,"english,spanish"
1495,too,4.31,2021-10-09,92,"english,spanish"
1496,upon,3.14,2024-07-12,78,"english,spanish"
1497,husband,2.22,2021-04-04,25,"english,spanish"
1498,traditional,2.14,2020-02-27,15,"english,spanish"
1499,cost,2.65,2022-02-13,28,"english,spanish"
1500,attack,3.09,2026-03-06,60,"english,spanish"
